Game,Date,Tm,Opp,W.L,R,RA,Rank_Standings,Game_Length,Day_Night,Attendance,CLI,Streak,Home,FullDate,Year,start_time_ET
1,3/31/2014,PHI,TEX,W,14,10,1,3:36,D,49031,0.96,+,1,Monday Mar 31 2014,2014,2:05 PM
2,4/1/2014,PHI,TEX,L-wo,2,3,3,3:14,N,29530,0.98,-,1,Tuesday Apr 1 2014,2014,8:05 PM
3,4/2/2014,PHI,TEX,L-wo,3,4,4,3:02,N,28218,0.88,--,1,Wednesday Apr 2 2014,2014,8:05 PM
4,4/4/2014,PHI,CHC,W,7,2,4,3:16,D,38283,0.88,+,1,Friday Apr 4 2014,2014,2:20 PM
5,4/5/2014,PHI,CHC,W,2,0,3,2:53,D,30651,0.92,++,1,Saturday Apr 5 2014,2014,2:20 PM
6,4/6/2014,PHI,CHC,L,3,8,4,3:14,D,26712,0.95,-,1,Sunday Apr 6 2014,2014,2:20 PM
7,4/8/2014,PHI,MIL,L,4,10,4,3:32,D,45061,0.98,--,0,Tuesday Apr 8 2014,2014,3:05 PM
8,4/9/2014,PHI,MIL,L,4,9,4,3:24,N,31168,0.9,---,0,Wednesday Apr 9 2014,2014,7:05 PM
9,4/10/2014,PHI,MIL,L,2,6,5,2:48,N,25492,0.82,----,0,Thursday Apr 10 2014,2014,7:05 PM
10,4/11/2014,PHI,MIA,W,6,3,4,3:15,N,22283,0.89,+,0,Friday Apr 11 2014,2014,7:05 PM
11,4/12/2014,PHI,MIA,W-wo,5,4,3,3:29,N,27760,0.93,++,0,Saturday Apr 12 2014,2014,7:05 PM
12,4/13/2014,PHI,MIA,W,4,3,3,3:12,D,34272,0.97,+++,0,Sunday Apr 13 2014,2014,1:35 PM
13,4/14/2014,PHI,ATL,L,6,9,3,3:41,N,26516,1.05,-,0,Monday Apr 14 2014,2014,7:05 PM
14,4/16/2014,PHI,ATL,L,0,1,4,2:29,N,23382,1.05,--,0,Wednesday Apr 16 2014,2014,7:05 PM
15,4/17/2014,PHI,ATL,W,1,0,4,2:28,D,25750,0.95,+,0,Thursday Apr 17 2014,2014,1:05 PM
16,4/18/2014,PHI,COL,L,1,12,4,2:48,N,35705,0.87,-,1,Friday Apr 18 2014,2014,8:40 PM
17,4/19/2014,PHI,COL,L,1,3,5,2:23,N,31352,0.81,--,1,Saturday Apr 19 2014,2014,8:10 PM
18,4/20/2014,PHI,COL,W,10,9,5,4:08,D,33563,0.79,+,1,Sunday Apr 20 2014,2014,4:10 PM
19,4/21/2014,PHI,LAD,W,7,0,4,2:47,N,37715,0.83,++,1,Monday Apr 21 2014,2014,10:10 PM
20,4/22/2014,PHI,LAD,W,3,2,3,3:36,N,44826,0.89,+++,1,Tuesday Apr 22 2014,2014,10:10 PM
21,4/23/2014,PHI,LAD,L,2,5,4,2:52,N,40776,0.94,-,1,Wednesday Apr 23 2014,2014,10:10 PM
22,4/24/2014,PHI,LAD,W,7,3,4,3:33,N,51699,0.91,+,1,Thursday Apr 24 2014,2014,10:10 PM
23,4/25/2014,PHI,ARI,L,4,5,4,3:21,N,28168,0.96,-,1,Friday Apr 25 2014,2014,9:40 PM
24,4/26/2014,PHI,ARI,W,6,5,4,3:05,N,35462,0.85,+,1,Saturday Apr 26 2014,2014,8:10 PM
25,4/27/2014,PHI,ARI,W,2,0,4,2:37,D,30022,0.9,++,1,Sunday Apr 27 2014,2014,4:10 PM
26,4/29/2014,PHI,NYM,L,1,6,4,2:53,N,28189,1.08,-,0,Tuesday Apr 29 2014,2014,7:05 PM
27,5/2/2014,PHI,WSN,L,3,5,5,3:11,N,31945,1.03,--,0,Friday May 2 2014,2014,7:05 PM
28,5/3/2014,PHI,WSN,W,7,2,4,2:57,N,33441,1.01,+,0,Saturday May 3 2014,2014,7:05 PM
29,5/4/2014,PHI,WSN,W,1,0,4,2:45,D,37490,1.1,++,0,Sunday May 4 2014,2014,3:05 PM
30,5/5/2014,PHI,TOR,L,0,3,5,2:59,N,25275,0.93,-,0,Monday May 5 2014,2014,7:05 PM
31,5/6/2014,PHI,TOR,L,5,6,5,3:06,N,26057,0.89,--,0,Tuesday May 6 2014,2014,7:05 PM
32,5/7/2014,PHI,TOR,L,0,10,5,2:23,N,16446,0.93,---,1,Wednesday May 7 2014,2014,7:07 PM
33,5/8/2014,PHI,TOR,L,6,12,5,3:00,N,18158,0.86,----,1,Thursday May 8 2014,2014,7:07 PM
34,5/9/2014,PHI,NYM,W,3,2,4,4:39,N,30036,0.86,+,1,Friday May 9 2014,2014,7:10 PM
35,5/10/2014,PHI,NYM,W,5,4,4,3:16,N,29170,0.95,++,1,Saturday May 10 2014,2014,7:10 PM
36,5/11/2014,PHI,NYM,L-wo,4,5,4,4:22,D,28926,1.04,-,1,Sunday May 11 2014,2014,1:10 PM
37,5/13/2014,PHI,LAA,L,3,4,5,2:49,N,41959,0.84,--,0,Tuesday May 13 2014,2014,7:05 PM
38,5/14/2014,PHI,LAA,L,0,3,5,3:08,D,33308,0.82,---,0,Wednesday May 14 2014,2014,1:05 PM
39,5/16/2014,PHI,CIN,L,0,3,5,2:48,N,27316,0.83,----,0,Friday May 16 2014,2014,7:05 PM
40,5/17/2014,PHI,CIN,W,12,1,5,2:54,N,30075,0.72,+,0,Saturday May 17 2014,2014,7:05 PM
41,5/18/2014,PHI,CIN,W,8,3,4,3:03,D,36096,0.81,++,0,Sunday May 18 2014,2014,1:35 PM
42,5/20/2014,PHI,MIA,W,6,5,4,3:30,N,18699,0.96,+++,1,Tuesday May 20 2014,2014,7:10 PM
43,5/21/2014,PHI,MIA,L,5,14,4,3:39,N,18257,0.99,-,1,Wednesday May 21 2014,2014,7:10 PM
44,5/22/2014,PHI,MIA,L-wo,3,4,4,2:46,D,25507,1.03,--,1,Thursday May 22 2014,2014,12:40 PM
45,5/23/2014,PHI,LAD,L,0,2,5,3:15,N,27254,0.83,---,0,Friday May 23 2014,2014,7:05 PM
46,5/24/2014,PHI,LAD,W,5,3,4,2:37,D,32287,0.73,+,0,Saturday May 24 2014,2014,3:05 PM
47,5/25/2014,PHI,LAD,L,0,6,4,2:37,D,36141,0.84,-,0,Sunday May 25 2014,2014,1:35 PM
48,5/26/2014,PHI,COL,W,9,0,4,3:06,N,27289,0.74,+,0,Monday May 26 2014,2014,5:05 PM
49,5/27/2014,PHI,COL,L,2,6,4,3:21,N,23159,0.83,-,0,Tuesday May 27 2014,2014,7:05 PM
50,5/28/2014,PHI,COL,W-wo,6,3,4,3:46,N,23691,0.77,+,0,Wednesday May 28 2014,2014,7:05 PM
51,5/29/2014,PHI,NYM,L,1,4,5,2:55,N,26668,0.89,-,0,Thursday May 29 2014,2014,7:05 PM
52,5/30/2014,PHI,NYM,W-wo,6,5,4,5:23,N,30236,0.85,+,0,Friday May 30 2014,2014,7:05 PM
53,5/31/2014,PHI,NYM,L,4,5,5,5:32,D,37516,0.92,-,0,Saturday May 31 2014,2014,3:05 PM
54,6/1/2014,PHI,NYM,L,3,4,5,3:29,D,36039,0.82,--,0,Sunday Jun 1 2014,2014,1:35 PM
55,6/2/2014,PHI,NYM,L,2,11,5,3:17,N,26302,0.72,---,0,Monday Jun 2 2014,2014,7:05 PM
56,6/3/2014,PHI,WSN,L,0,7,5,2:42,N,25291,0.68,----,1,Tuesday Jun 3 2014,2014,7:05 PM
57,6/4/2014,PHI,WSN,L,4,8,5,3:00,N,33614,0.57,-----,1,Wednesday Jun 4 2014,2014,7:05 PM
58,6/5/2014,PHI,WSN,L,2,4,5,2:38,D,33016,0.58,------,1,Thursday Jun 5 2014,2014,4:05 PM
59,6/6/2014,PHI,CIN,W,8,0,5,3:18,N,38331,0.42,+,1,Friday Jun 6 2014,2014,7:10 PM
60,6/7/2014,PHI,CIN,L,5,6,5,2:56,D,36347,0.48,-,1,Saturday Jun 7 2014,2014,4:10 PM
61,6/8/2014,PHI,CIN,L,1,4,5,2:40,D,30222,0.41,--,1,Sunday Jun 8 2014,2014,1:10 PM
62,6/10/2014,PHI,SDP,W,5,2,5,2:40,N,31037,0.37,+,0,Tuesday Jun 10 2014,2014,7:05 PM
63,6/11/2014,PHI,SDP,W-wo,3,0,5,2:55,N,25398,0.37,++,0,Wednesday Jun 11 2014,2014,7:05 PM
64,6/12/2014,PHI,SDP,W,7,3,4,3:05,D,29372,0.43,+++,0,Thursday Jun 12 2014,2014,1:05 PM
65,6/13/2014,PHI,CHC,L,1,2,5,2:51,N,26154,0.52,-,0,Friday Jun 13 2014,2014,7:05 PM
66,6/14/2014,PHI,CHC,W,7,4,4,3:04,D,31524,0.44,+,0,Saturday Jun 14 2014,2014,3:05 PM
67,6/15/2014,PHI,CHC,L,0,3,5,2:35,D,41238,0.54,-,0,Sunday Jun 15 2014,2014,1:35 PM
68,6/16/2014,PHI,ATL,W,6,1,4,4:47,N,23900,0.53,+,1,Monday Jun 16 2014,2014,7:10 PM
69,6/17/2014,PHI,ATL,W,5,2,4,3:05,N,41631,0.67,++,1,Tuesday Jun 17 2014,2014,7:10 PM
70,6/18/2014,PHI,ATL,W,10,5,4,3:32,D,28500,0.72,+++,1,Wednesday Jun 18 2014,2014,12:10 PM
71,6/19/2014,PHI,STL,W,4,1,4,2:48,N,42106,0.71,++++,1,Thursday Jun 19 2014,2014,8:15 PM
72,6/20/2014,PHI,STL,W,5,1,4,2:48,N,44061,0.83,+++++,1,Friday Jun 20 2014,2014,8:15 PM
73,6/21/2014,PHI,STL,L,1,4,4,2:48,D,44789,0.92,-,1,Saturday Jun 21 2014,2014,4:10 PM
74,6/22/2014,PHI,STL,L,3,5,4,2:54,D,43484,0.84,--,1,Sunday Jun 22 2014,2014,2:15 PM
75,6/23/2014,PHI,MIA,L,0,4,5,3:14,N,32161,0.84,---,0,Monday Jun 23 2014,2014,7:05 PM
76,6/24/2014,PHI,MIA,W,7,4,5,3:15,N,24860,0.71,+,0,Tuesday Jun 24 2014,2014,7:05 PM
77,6/25/2014,PHI,MIA,L,2,3,5,2:53,N,23360,0.78,-,0,Wednesday Jun 25 2014,2014,7:05 PM
78,6/26/2014,PHI,MIA,W-wo,5,3,4,4:41,N,34168,0.61,+,0,Thursday Jun 26 2014,2014,7:05 PM
79,6/27/2014,PHI,ATL,L,2,4,4,3:11,N,38100,0.77,-,0,Friday Jun 27 2014,2014,7:05 PM
80,6/28/2014,PHI,ATL,L,3,10,5,3:08,D,28845,0.72,--,0,Saturday Jun 28 (1) 2014,2014,2:05 PM
81,6/28/2014,PHI,ATL,L,1,5,5,3:09,N,30845,0.56,---,0,Saturday Jun 28 (2) 2014,2014,7:05 PM
82,6/29/2014,PHI,ATL,L,2,3,5,3:06,D,33215,0.48,----,0,Sunday Jun 29 2014,2014,1:35 PM
83,7/1/2014,PHI,MIA,L-wo,4,5,5,3:37,N,18518,0.3,-----,1,Tuesday Jul 1 2014,2014,7:10 PM
84,7/2/2014,PHI,MIA,L,0,5,5,3:11,N,20084,0.24,------,1,Wednesday Jul 2 2014,2014,7:10 PM
85,7/3/2014,PHI,MIA,W,5,4,4,3:12,N,24915,0.18,+,1,Thursday Jul 3 2014,2014,6:10 PM
86,7/4/2014,PHI,PIT,L,2,8,5,3:13,N,38977,0.23,-,1,Friday Jul 4 2014,2014,5:05 PM
87,7/5/2014,PHI,PIT,L,2,3,5,2:40,D,37821,0.18,--,1,Saturday Jul 5 2014,2014,4:05 PM
88,7/6/2014,PHI,PIT,L,2,6,5,2:43,D,33408,0.13,---,1,Sunday Jul 6 2014,2014,1:35 PM
89,7/7/2014,PHI,MIL,W,3,2,5,3:25,N,28080,0.09,+,1,Monday Jul 7 2014,2014,8:10 PM
90,7/8/2014,PHI,MIL,W,9,7,5,3:24,N,26126,0.12,++,1,Tuesday Jul 8 2014,2014,8:10 PM
91,7/9/2014,PHI,MIL,W,4,1,5,2:15,N,26480,0.16,+++,1,Wednesday Jul 9 2014,2014,8:10 PM
92,7/10/2014,PHI,MIL,W,9,1,5,3:06,D,36394,0.23,++++,1,Thursday Jul 10 2014,2014,2:10 PM
93,7/11/2014,PHI,WSN,W,6,2,5,2:44,N,30094,0.29,+++++,0,Friday Jul 11 2014,2014,7:05 PM
94,7/12/2014,PHI,WSN,L,3,5,5,4:03,N,32072,0.41,-,0,Saturday Jul 12 2014,2014,7:15 PM
95,7/13/2014,PHI,WSN,L,3,10,5,3:03,D,30185,0.28,--,0,Sunday Jul 13 2014,2014,1:35 PM
96,7/18/2014,PHI,ATL,L,4,6,5,2:45,N,39747,0.19,---,1,Friday Jul 18 2014,2014,7:35 PM
97,7/19/2014,PHI,ATL,W,2,1,5,2:57,N,38602,0.15,+,1,Saturday Jul 19 2014,2014,7:10 PM
98,7/20/2014,PHI,ATL,L,2,8,5,2:44,D,24859,0.2,-,1,Sunday Jul 20 2014,2014,1:35 PM
99,7/21/2014,PHI,SFG,L,4,7,5,3:28,N,27334,0.11,--,0,Monday Jul 21 2014,2014,7:05 PM
100,7/22/2014,PHI,SFG,L,6,9,5,5:46,N,30109,0.09,---,0,Tuesday Jul 22 2014,2014,7:05 PM
101,7/23/2014,PHI,SFG,L,1,3,5,3:02,N,28648,0.05,----,0,Wednesday Jul 23 2014,2014,7:05 PM
102,7/24/2014,PHI,SFG,W,2,1,5,2:46,D,33258,0.05,+,0,Thursday Jul 24 2014,2014,1:05 PM
103,7/25/2014,PHI,ARI,W,9,5,5,3:23,N,25698,0.05,++,0,Friday Jul 25 2014,2014,7:05 PM
104,7/26/2014,PHI,ARI,L,6,10,5,4:20,N,29097,0.06,-,0,Saturday Jul 26 2014,2014,7:05 PM
105,7/27/2014,PHI,ARI,W,4,2,5,2:30,D,31514,0.05,+,0,Sunday Jul 27 2014,2014,1:35 PM
106,7/28/2014,PHI,NYM,L,1,7,5,2:54,N,26525,0.06,-,1,Monday Jul 28 2014,2014,7:10 PM
107,7/29/2014,PHI,NYM,W,6,0,5,2:36,N,27069,0.04,+,1,Tuesday Jul 29 2014,2014,7:10 PM
108,7/30/2014,PHI,NYM,L,2,11,5,3:28,D,37647,0.07,-,1,Wednesday Jul 30 2014,2014,12:10 PM
109,7/31/2014,PHI,WSN,W,10,4,5,3:31,N,35722,0.05,+,1,Thursday Jul 31 2014,2014,7:05 PM
110,8/1/2014,PHI,WSN,W,2,1,5,2:28,N,28410,0.08,++,1,Friday Aug 1 2014,2014,7:05 PM
111,8/2/2014,PHI,WSN,L,0,11,5,3:19,N,36155,0.11,-,1,Saturday Aug 2 2014,2014,7:05 PM
112,8/3/2014,PHI,WSN,L,0,4,5,2:47,D,30038,0.09,--,1,Sunday Aug 3 2014,2014,1:35 PM
113,8/5/2014,PHI,HOU,W-wo,2,1,5,5:05,N,28336,0.05,+,0,Tuesday Aug 5 2014,2014,7:05 PM
114,8/6/2014,PHI,HOU,W,10,3,5,2:45,N,26691,0.07,++,0,Wednesday Aug 6 2014,2014,7:05 PM
115,8/7/2014,PHI,HOU,W,6,5,5,2:47,N,26609,0.08,+++,0,Thursday Aug 7 2014,2014,7:05 PM
116,8/8/2014,PHI,NYM,L,4,5,5,2:51,N,32307,0.09,-,0,Friday Aug 8 2014,2014,7:05 PM
117,8/9/2014,PHI,NYM,L,1,2,5,3:41,N,39153,0.06,--,0,Saturday Aug 9 2014,2014,7:05 PM
118,8/10/2014,PHI,NYM,W-wo,7,6,5,3:14,D,31061,0.05,+,0,Sunday Aug 10 2014,2014,1:35 PM
119,8/11/2014,PHI,NYM,L,3,5,5,2:48,D,26076,0.08,-,0,Monday Aug 11 2014,2014,1:05 PM
120,8/12/2014,PHI,LAA,L,2,7,5,2:56,N,37296,0.04,--,1,Tuesday Aug 12 2014,2014,10:05 PM
121,8/13/2014,PHI,LAA,L,3,4,5,2:51,N,38802,0.02,---,1,Wednesday Aug 13 2014,2014,10:05 PM
122,8/15/2014,PHI,SFG,W,5,3,5,3:36,N,41425,0.02,+,1,Friday Aug 15 2014,2014,10:15 PM
123,8/16/2014,PHI,SFG,L,5,6,5,3:34,D,41907,0.02,-,1,Saturday Aug 16 2014,2014,4:05 PM
124,8/17/2014,PHI,SFG,L,2,5,5,2:57,D,41851,0.01,--,1,Sunday Aug 17 2014,2014,4:05 PM
125,8/18/2014,PHI,SEA,W,4,1,5,2:52,N,28102,0,+,0,Monday Aug 18 2014,2014,7:05 PM
126,8/19/2014,PHI,SEA,L,2,5,5,3:06,N,31592,0.01,-,0,Tuesday Aug 19 2014,2014,7:05 PM
127,8/20/2014,PHI,SEA,W,4,3,5,3:00,D,25157,0,+,0,Wednesday Aug 20 2014,2014,1:05 PM
128,8/22/2014,PHI,STL,W,5,4,5,2:48,N,28366,0,++,0,Friday Aug 22 2014,2014,7:05 PM
129,8/23/2014,PHI,STL,L,5,6,5,4:53,N,30352,0.01,-,0,Saturday Aug 23 2014,2014,7:05 PM
130,8/24/2014,PHI,STL,W,7,1,5,2:33,D,30580,0,+,0,Sunday Aug 24 2014,2014,1:35 PM
131,8/25/2014,PHI,WSN,W,3,2,5,2:46,N,23089,0,++,0,Monday Aug 25 2014,2014,7:05 PM
132,8/26/2014,PHI,WSN,W,4,3,5,2:24,N,25238,0,+++,0,Tuesday Aug 26 2014,2014,7:05 PM
133,8/27/2014,PHI,WSN,W,8,4,5,3:04,N,33183,0.01,++++,0,Wednesday Aug 27 2014,2014,7:05 PM
134,8/29/2014,PHI,NYM,L,1,4,5,2:31,N,25250,0.01,-,1,Friday Aug 29 2014,2014,7:10 PM
135,8/30/2014,PHI,NYM,W,7,2,5,2:58,N,28053,0,+,1,Saturday Aug 30 2014,2014,7:10 PM
136,8/31/2014,PHI,NYM,L,5,6,5,3:14,D,27159,0.01,-,1,Sunday Aug 31 2014,2014,1:10 PM
137,9/1/2014,PHI,ATL,W,7,0,5,3:10,D,34178,0,+,1,Monday Sep 1 2014,2014,1:10 PM
138,9/2/2014,PHI,ATL,W,4,0,5,2:57,N,19444,0,++,1,Tuesday Sep 2 2014,2014,7:10 PM
139,9/3/2014,PHI,ATL,L,4,7,5,3:08,D,19724,0.01,-,1,Wednesday Sep 3 2014,2014,12:10 PM
140,9/5/2014,PHI,WSN,W,9,8,5,4:32,N,27437,0,+,1,Friday Sep 5 2014,2014,7:05 PM
141,9/6/2014,PHI,WSN,W,3,1,5,2:33,D,37408,0.01,++,1,Saturday Sep 6 2014,2014,4:05 PM
142,9/7/2014,PHI,WSN,L,2,3,5,3:20,D,29108,0.01,-,1,Sunday Sep 7 2014,2014,1:35 PM
143,9/8/2014,PHI,PIT,L,4,6,5,3:08,N,23140,0.01,--,0,Monday Sep 8 2014,2014,7:05 PM
144,9/9/2014,PHI,PIT,W,4,3,5,2:56,N,26900,0,+,0,Tuesday Sep 9 2014,2014,7:05 PM
145,9/10/2014,PHI,PIT,L,3,6,5,3:08,N,25315,0.01,-,0,Wednesday Sep 10 2014,2014,7:05 PM
146,9/11/2014,PHI,PIT,L,1,4,5,3:09,N,26535,0,--,0,Thursday Sep 11 2014,2014,7:05 PM
147,9/12/2014,PHI,MIA,W-wo,3,1,5,3:02,N,27039,0,+,0,Friday Sep 12 2014,2014,7:05 PM
148,9/13/2014,PHI,MIA,W,2,1,5,2:33,N,26163,0,++,0,Saturday Sep 13 2014,2014,7:05 PM
149,9/14/2014,PHI,MIA,L,4,5,5,3:20,D,30201,0,-,0,Sunday Sep 14 2014,2014,1:35 PM
150,9/15/2014,PHI,SDP,L,0,1,5,2:09,N,17558,0,--,1,Monday Sep 15 2014,2014,10:10 PM
151,9/16/2014,PHI,SDP,L,4,5,5,3:11,N,24541,0,---,1,Tuesday Sep 16 2014,2014,10:10 PM
152,9/17/2014,PHI,SDP,W,5,2,5,2:50,N,17311,0,+,1,Wednesday Sep 17 2014,2014,10:10 PM
153,9/18/2014,PHI,SDP,L,3,7,5,3:02,N,18076,0,-,1,Thursday Sep 18 2014,2014,9:10 PM
154,9/19/2014,PHI,OAK,L,1,3,5,2:56,N,35067,0,--,1,Friday Sep 19 2014,2014,9:35 PM
155,9/20/2014,PHI,OAK,W,3,0,5,2:59,D,31848,0,+,1,Saturday Sep 20 2014,2014,4:05 PM
156,9/21/2014,PHI,OAK,L-wo,6,8,5,3:48,D,25126,0,-,1,Sunday Sep 21 2014,2014,4:05 PM
157,9/23/2014,PHI,MIA,L,0,2,5,2:20,N,18969,0,--,1,Tuesday Sep 23 2014,2014,7:10 PM
158,9/24/2014,PHI,MIA,W,2,1,5,2:54,N,22491,0,+,1,Wednesday Sep 24 2014,2014,7:10 PM
159,9/25/2014,PHI,MIA,L,4,6,5,3:01,D,24259,0,-,1,Thursday Sep 25 2014,2014,4:10 PM
160,9/26/2014,PHI,ATL,W,5,4,5,2:41,N,33121,0,+,0,Friday Sep 26 2014,2014,7:05 PM
161,9/27/2014,PHI,ATL,L,2,4,5,3:05,N,33761,0,-,0,Saturday Sep 27 2014,2014,7:05 PM
162,9/28/2014,PHI,ATL,L,1,2,5,2:18,D,38082,0,--,0,Sunday Sep 28 2014,2014,1:35 PM
1,4/6/2015,PHI,BOS,L,0,8,3,3:01,D,45549,0.88,-,0,Monday Apr 6 2015,2015,3:05 PM
2,4/8/2015,PHI,BOS,W,4,2,2,2:54,N,26465,0.88,+,0,Wednesday Apr 8 2015,2015,7:05 PM
3,4/9/2015,PHI,BOS,L,2,6,3,3:08,N,23418,0.89,-,0,Thursday Apr 9 2015,2015,7:05 PM
4,4/10/2015,PHI,WSN,W,4,1,2,2:30,N,19047,1.01,+,0,Friday Apr 10 2015,2015,7:05 PM
5,4/11/2015,PHI,WSN,W-wo,3,2,2,3:25,N,23740,1.02,++,0,Saturday Apr 11 2015,2015,7:05 PM
6,4/12/2015,PHI,WSN,L,3,4,2,3:19,D,30094,1.05,-,0,Sunday Apr 12 2015,2015,1:35 PM
7,4/13/2015,PHI,NYM,L,0,2,3,2:53,D,43947,1.1,--,1,Monday Apr 13 2015,2015,1:10 PM
8,4/14/2015,PHI,NYM,L,5,6,3,3:12,N,39489,1.06,---,1,Tuesday Apr 14 2015,2015,7:10 PM
9,4/15/2015,PHI,NYM,L,1,6,3,2:36,N,21052,1,----,1,Wednesday Apr 15 2015,2015,7:10 PM
10,4/16/2015,PHI,WSN,L,2,5,4,2:16,N,24768,0.89,-----,1,Thursday Apr 16 2015,2015,7:05 PM
11,4/17/2015,PHI,WSN,L,2,7,4,2:38,N,31608,0.84,------,1,Friday Apr 17 2015,2015,7:05 PM
12,4/18/2015,PHI,WSN,W,5,3,4,2:56,D,35330,0.77,+,1,Saturday Apr 18 2015,2015,1:05 PM
13,4/19/2015,PHI,WSN,L,1,4,4,2:40,D,36631,0.85,-,1,Sunday Apr 19 2015,2015,1:35 PM
14,4/21/2015,PHI,MIA,W,7,3,4,2:29,N,21993,0.74,+,0,Tuesday Apr 21 2015,2015,7:05 PM
15,4/22/2015,PHI,MIA,L,1,6,4,2:55,N,23417,0.78,-,0,Wednesday Apr 22 2015,2015,7:05 PM
16,4/23/2015,PHI,MIA,L,1,9,4,2:52,D,17097,0.66,--,0,Thursday Apr 23 2015,2015,1:05 PM
17,4/24/2015,PHI,ATL,W-wo,1,0,4,2:34,N,21164,0.73,+,0,Friday Apr 24 2015,2015,7:05 PM
18,4/25/2015,PHI,ATL,L,2,5,5,2:27,N,24748,0.75,-,0,Saturday Apr 25 2015,2015,7:05 PM
19,4/26/2015,PHI,ATL,W,5,4,4,2:38,D,28702,0.67,+,0,Sunday Apr 26 2015,2015,1:35 PM
20,4/27/2015,PHI,STL,W,4,1,3,2:32,N,40052,0.7,++,1,Monday Apr 27 2015,2015,8:15 PM
21,4/28/2015,PHI,STL,L,5,11,4,2:58,N,40143,0.72,-,1,Tuesday Apr 28 2015,2015,8:15 PM
22,4/29/2015,PHI,STL,L,2,5,5,2:38,N,40399,0.67,--,1,Wednesday Apr 29 2015,2015,8:15 PM
23,4/30/2015,PHI,STL,L,3,9,5,2:55,D,40715,0.65,---,1,Thursday Apr 30 2015,2015,1:45 PM
24,5/1/2015,PHI,MIA,L-wo,3,4,5,2:57,N,18511,0.65,----,1,Friday May 1 2015,2015,7:10 PM
25,5/2/2015,PHI,MIA,L,0,7,5,2:38,D,33348,0.63,-----,1,Saturday May 2 2015,2015,4:10 PM
26,5/3/2015,PHI,MIA,W,6,2,5,2:45,D,20461,0.57,+,1,Sunday May 3 2015,2015,1:10 PM
27,5/4/2015,PHI,ATL,W,5,2,5,3:08,N,17293,0.64,++,1,Monday May 4 2015,2015,7:10 PM
28,5/5/2015,PHI,ATL,L,0,9,5,2:23,N,14451,0.72,-,1,Tuesday May 5 2015,2015,7:10 PM
29,5/6/2015,PHI,ATL,L,5,7,5,3:07,N,17772,0.62,--,1,Wednesday May 6 2015,2015,7:10 PM
30,5/8/2015,PHI,NYM,W,3,1,5,2:27,N,32734,0.59,+,0,Friday May 8 2015,2015,7:05 PM
31,5/9/2015,PHI,NYM,L,2,3,5,2:44,N,29373,0.65,-,0,Saturday May 9 2015,2015,7:05 PM
32,5/10/2015,PHI,NYM,L,4,7,5,2:57,D,27935,0.54,--,0,Sunday May 10 2015,2015,1:35 PM
33,5/11/2015,PHI,PIT,L,3,4,5,2:55,N,21358,0.42,---,0,Monday May 11 2015,2015,7:05 PM
34,5/12/2015,PHI,PIT,L,2,7,5,2:49,N,20393,0.37,----,0,Tuesday May 12 2015,2015,7:05 PM
35,5/13/2015,PHI,PIT,W,3,2,5,2:37,N,29576,0.34,+,0,Wednesday May 13 2015,2015,7:05 PM
36,5/14/2015,PHI,PIT,W,4,2,5,2:40,D,29205,0.38,++,0,Thursday May 14 2015,2015,1:05 PM
37,5/15/2015,PHI,ARI,W,4,3,5,3:05,N,21383,0.44,+++,0,Friday May 15 2015,2015,7:05 PM
38,5/16/2015,PHI,ARI,W,7,5,5,3:14,N,33649,0.48,++++,0,Saturday May 16 2015,2015,7:05 PM
39,5/17/2015,PHI,ARI,W,6,0,5,2:52,D,22123,0.53,+++++,0,Sunday May 17 2015,2015,1:35 PM
40,5/18/2015,PHI,COL,W,4,3,4,3:14,N,24061,0.54,++++++,1,Monday May 18 2015,2015,8:40 PM
41,5/19/2015,PHI,COL,L,5,6,4,2:54,N,21249,0.63,-,1,Tuesday May 19 2015,2015,8:40 PM
42,5/20/2015,PHI,COL,W,4,2,4,2:50,N,21714,0.6,+,1,Wednesday May 20 2015,2015,8:40 PM
43,5/21/2015,PHI,COL,L,3,7,4,3:15,D,25418,0.61,-,1,Thursday May 21 2015,2015,3:10 PM
44,5/22/2015,PHI,WSN,L,1,2,4,2:35,N,35893,0.66,--,1,Friday May 22 2015,2015,7:05 PM
45,5/23/2015,PHI,WSN,W,8,1,4,2:33,D,41722,0.61,+,1,Saturday May 23 2015,2015,4:05 PM
46,5/24/2015,PHI,WSN,L,1,4,4,2:45,D,41044,0.68,-,1,Sunday May 24 2015,2015,1:35 PM
47,5/25/2015,PHI,NYM,L,3,6,4,3:07,D,30946,0.62,--,1,Monday May 25 2015,2015,1:10 PM
48,5/26/2015,PHI,NYM,L-wo,4,5,4,3:17,N,21064,0.5,---,1,Tuesday May 26 2015,2015,7:10 PM
49,5/27/2015,PHI,NYM,L,0,7,4,2:41,D,24406,0.48,----,1,Wednesday May 27 2015,2015,1:10 PM
50,5/29/2015,PHI,COL,L,1,4,5,2:32,N,22227,0.31,-----,0,Friday May 29 2015,2015,7:05 PM
51,5/30/2015,PHI,COL,L,2,5,5,3:23,D,23510,0.27,------,0,Saturday May 30 2015,2015,3:05 PM
52,5/31/2015,PHI,COL,L,1,4,5,2:56,D,22166,0.24,-------,0,Sunday May 31 2015,2015,1:35 PM
53,6/2/2015,PHI,CIN,W-wo,5,4,5,2:52,N,20209,0.21,+,0,Tuesday Jun 2 2015,2015,7:05 PM
54,6/3/2015,PHI,CIN,W-wo,5,4,5,3:31,N,21253,0.23,++,0,Wednesday Jun 3 2015,2015,7:05 PM
55,6/4/2015,PHI,CIN,L,4,6,5,2:41,N,21057,0.29,-,0,Thursday Jun 4 2015,2015,7:05 PM
56,6/5/2015,PHI,SFG,L,4,5,5,2:58,N,20638,0.26,--,0,Friday Jun 5 2015,2015,7:05 PM
57,6/6/2015,PHI,SFG,L,5,7,5,2:53,D,29102,0.22,---,0,Saturday Jun 6 2015,2015,3:05 PM
58,6/7/2015,PHI,SFG,W,6,4,5,3:07,D,24799,0.19,+,0,Sunday Jun 7 2015,2015,1:35 PM
59,6/8/2015,PHI,CIN,L,4,6,5,2:55,N,30900,0.22,-,1,Monday Jun 8 2015,2015,7:10 PM
60,6/9/2015,PHI,CIN,L,2,11,5,2:50,N,27993,0.2,--,1,Tuesday Jun 9 2015,2015,7:10 PM
61,6/10/2015,PHI,CIN,L,2,5,5,2:48,D,32994,0.18,---,1,Wednesday Jun 10 2015,2015,12:35 PM
62,6/12/2015,PHI,PIT,L-wo,0,1,5,4:34,N,33749,0.14,----,1,Friday Jun 12 2015,2015,7:05 PM
63,6/13/2015,PHI,PIT,L,3,4,5,3:05,D,37516,0.13,-----,1,Saturday Jun 13 2015,2015,4:05 PM
64,6/14/2015,PHI,PIT,L-wo,0,1,5,3:04,D,34518,0.11,------,1,Sunday Jun 14 2015,2015,1:35 PM
65,6/15/2015,PHI,BAL,L,0,4,5,2:09,N,23730,0.09,-------,1,Monday Jun 15 2015,2015,7:05 PM
66,6/16/2015,PHI,BAL,L,3,19,5,3:11,N,26964,0.06,--------,1,Tuesday Jun 16 2015,2015,7:05 PM
67,6/17/2015,PHI,BAL,L,4,6,5,2:34,N,26162,0.04,---------,0,Wednesday Jun 17 2015,2015,7:05 PM
68,6/18/2015,PHI,BAL,W,2,1,5,2:32,D,26220,0.04,+,0,Thursday Jun 18 2015,2015,1:05 PM
69,6/19/2015,PHI,STL,L,4,12,5,3:34,N,21169,0.05,-,0,Friday Jun 19 2015,2015,7:05 PM
70,6/20/2015,PHI,STL,L,1,10,5,3:02,N,24256,0.04,--,0,Saturday Jun 20 2015,2015,7:05 PM
71,6/21/2015,PHI,STL,W,9,2,5,2:29,D,30423,0.03,+,0,Sunday Jun 21 2015,2015,1:35 PM
72,6/22/2015,PHI,NYY,W,11,8,5,3:33,N,36883,0.03,++,1,Monday Jun 22 2015,2015,7:05 PM
73,6/23/2015,PHI,NYY,W,11,6,5,3:45,N,36198,0.05,+++,1,Tuesday Jun 23 2015,2015,7:05 PM
74,6/24/2015,PHI,NYY,L,2,10,5,3:10,D,45877,0.06,-,1,Wednesday Jun 24 2015,2015,1:05 PM
75,6/26/2015,PHI,WSN,L,2,5,5,2:38,N,22292,0.06,--,0,Friday Jun 26 2015,2015,7:05 PM
76,6/28/2015,PHI,WSN,L,2,3,5,3:07,D,NA,0.04,---,0,Sunday Jun 28 (1) 2015,2015,1:10 PM
77,6/28/2015,PHI,WSN,W,8,5,5,3:15,D,27126,0.03,+,0,Sunday Jun 28 (2) 2015,2015,3:05 PM
78,6/29/2015,PHI,MIL,L,4,7,5,3:22,N,18423,0.02,-,0,Monday Jun 29 2015,2015,7:05 PM
79,6/30/2015,PHI,MIL,L,3,4,5,3:26,N,20564,0.01,--,0,Tuesday Jun 30 2015,2015,7:05 PM
80,7/1/2015,PHI,MIL,L,5,9,5,2:58,N,27069,0.02,---,0,Wednesday Jul 1 2015,2015,7:05 PM
81,7/2/2015,PHI,MIL,L,7,8,5,3:57,N,30485,0.01,----,0,Thursday Jul 2 2015,2015,6:35 PM
82,7/3/2015,PHI,ATL,L,1,2,5,2:43,N,33090,0.01,-----,1,Friday Jul 3 2015,2015,7:35 PM
83,7/4/2015,PHI,ATL,L,5,9,5,3:04,N,34401,0.01,------,1,Saturday Jul 4 2015,2015,7:15 PM
84,7/5/2015,PHI,ATL,W,4,0,5,3:13,D,18763,0,+,1,Sunday Jul 5 2015,2015,1:35 PM
85,7/6/2015,PHI,LAD,L,7,10,5,4:13,N,45180,0.01,-,1,Monday Jul 6 2015,2015,10:10 PM
86,7/7/2015,PHI,LAD,W,7,2,5,2:45,N,46614,0,+,1,Tuesday Jul 7 2015,2015,10:10 PM
87,7/8/2015,PHI,LAD,L,0,5,5,2:41,N,45135,0,-,1,Wednesday Jul 8 2015,2015,10:10 PM
88,7/9/2015,PHI,LAD,L,0,6,5,2:14,N,41290,0.01,--,1,Thursday Jul 9 2015,2015,10:10 PM
89,7/10/2015,PHI,SFG,L,2,15,5,3:23,N,41895,0,---,1,Friday Jul 10 2015,2015,10:15 PM
90,7/11/2015,PHI,SFG,L,5,8,5,3:17,N,41980,0,----,1,Saturday Jul 11 2015,2015,10:05 PM
91,7/12/2015,PHI,SFG,L,2,4,5,2:23,D,42387,0,-----,1,Sunday Jul 12 2015,2015,4:05 PM
92,7/17/2015,PHI,MIA,W,6,3,5,2:26,N,23074,0,+,0,Friday Jul 17 2015,2015,7:05 PM
93,7/18/2015,PHI,MIA,W,3,1,5,2:39,N,23655,0,++,0,Saturday Jul 18 2015,2015,7:05 PM
94,7/19/2015,PHI,MIA,W-wo,8,7,5,3:15,D,21739,0,+++,0,Sunday Jul 19 2015,2015,1:35 PM
95,7/20/2015,PHI,TBR,W,5,3,5,2:44,N,20148,0,++++,0,Monday Jul 20 2015,2015,7:05 PM
96,7/21/2015,PHI,TBR,L,0,1,5,2:52,N,28703,0,-,0,Tuesday Jul 21 2015,2015,7:05 PM
97,7/22/2015,PHI,TBR,W-wo,5,4,5,3:43,D,22252,0,+,0,Wednesday Jul 22 2015,2015,1:05 PM
98,7/24/2015,PHI,CHC,W,5,3,5,3:13,D,41230,0,++,1,Friday Jul 24 2015,2015,4:05 PM
99,7/25/2015,PHI,CHC,W,5,0,5,2:38,D,41683,0,+++,1,Saturday Jul 25 2015,2015,4:05 PM
100,7/26/2015,PHI,CHC,W,11,5,5,3:01,D,41123,0,++++,1,Sunday Jul 26 2015,2015,2:20 PM
101,7/28/2015,PHI,TOR,W,3,2,5,2:29,N,30516,0.01,+++++,1,Tuesday Jul 28 2015,2015,7:07 PM
102,7/29/2015,PHI,TOR,L,2,8,5,2:37,N,27060,0.01,-,1,Wednesday Jul 29 2015,2015,7:07 PM
103,7/30/2015,PHI,ATL,W,4,1,5,2:59,N,21706,0.01,+,0,Thursday Jul 30 2015,2015,7:05 PM
104,7/31/2015,PHI,ATL,W,9,3,5,2:39,N,29290,0,++,0,Friday Jul 31 2015,2015,7:05 PM
105,8/1/2015,PHI,ATL,W,12,2,5,2:52,N,25523,0.01,+++,0,Saturday Aug 1 2015,2015,7:05 PM
106,8/2/2015,PHI,ATL,L,2,6,5,2:48,D,24361,0.01,-,0,Sunday Aug 2 2015,2015,1:35 PM
107,8/4/2015,PHI,LAD,W,6,2,5,3:31,N,28733,0.01,+,0,Tuesday Aug 4 2015,2015,7:05 PM
108,8/5/2015,PHI,LAD,L,3,4,5,3:12,N,26197,0.01,-,0,Wednesday Aug 5 2015,2015,7:05 PM
109,8/6/2015,PHI,LAD,L,8,10,5,3:28,D,27839,0.01,--,0,Thursday Aug 6 2015,2015,1:05 PM
110,8/7/2015,PHI,SDP,W,4,3,4,4:13,N,31334,0,+,1,Friday Aug 7 2015,2015,10:10 PM
111,8/8/2015,PHI,SDP,W,4,2,4,2:55,N,44567,0,++,1,Saturday Aug 8 2015,2015,8:40 PM
112,8/9/2015,PHI,SDP,W,5,3,4,2:56,D,24156,0.01,+++,1,Sunday Aug 9 2015,2015,4:10 PM
113,8/10/2015,PHI,ARI,L,3,13,4,3:01,N,16495,0.01,-,1,Monday Aug 10 2015,2015,9:40 PM
114,8/11/2015,PHI,ARI,L,1,13,5,2:43,N,19836,0.01,--,1,Tuesday Aug 11 2015,2015,9:40 PM
115,8/12/2015,PHI,ARI,W,7,6,5,3:34,D,18047,0,+,1,Wednesday Aug 12 2015,2015,3:40 PM
116,8/14/2015,PHI,MIL,L,1,3,5,2:30,N,34735,0,-,1,Friday Aug 14 2015,2015,8:10 PM
117,8/15/2015,PHI,MIL,L,2,4,5,2:58,N,39204,0,--,1,Saturday Aug 15 2015,2015,7:10 PM
118,8/16/2015,PHI,MIL,L,1,6,5,3:07,D,33920,0,---,1,Sunday Aug 16 2015,2015,2:10 PM
119,8/18/2015,PHI,TOR,L,5,8,5,3:10,N,26547,0.01,----,0,Tuesday Aug 18 2015,2015,7:05 PM
120,8/19/2015,PHI,TOR,W,7,4,5,2:24,N,26246,0,+,0,Wednesday Aug 19 2015,2015,7:05 PM
121,8/20/2015,PHI,MIA,L,7,9,5,3:33,N,19689,0,-,1,Thursday Aug 20 2015,2015,7:10 PM
122,8/21/2015,PHI,MIA,W,7,1,5,2:36,N,19391,0,+,1,Friday Aug 21 2015,2015,7:10 PM
123,8/22/2015,PHI,MIA,W,4,2,5,2:50,N,22113,0,++,1,Saturday Aug 22 2015,2015,7:10 PM
124,8/23/2015,PHI,MIA,W,2,0,4,2:40,D,22693,0.01,+++,1,Sunday Aug 23 2015,2015,1:10 PM
125,8/24/2015,PHI,NYM,L,7,16,4,3:33,N,23744,0,-,0,Monday Aug 24 2015,2015,7:05 PM
126,8/25/2015,PHI,NYM,L,5,6,5,3:31,N,23544,0,--,0,Tuesday Aug 25 2015,2015,7:05 PM
127,8/26/2015,PHI,NYM,L,4,9,5,3:16,N,22184,0,---,0,Wednesday Aug 26 2015,2015,7:05 PM
128,8/27/2015,PHI,NYM,L,5,9,5,4:32,N,22526,0,----,0,Thursday Aug 27 2015,2015,7:05 PM
129,8/28/2015,PHI,SDP,W,7,1,5,2:38,N,25145,0,+,0,Friday Aug 28 2015,2015,7:05 PM
130,8/29/2015,PHI,SDP,W,4,3,4,2:56,N,22090,0,++,0,Saturday Aug 29 2015,2015,7:05 PM
131,8/30/2015,PHI,SDP,L,4,9,4,3:13,D,22624,0,-,0,Sunday Aug 30 2015,2015,1:35 PM
132,8/31/2015,PHI,NYM,L,1,3,5,2:23,N,34233,0,--,1,Monday Aug 31 2015,2015,7:10 PM
133,9/1/2015,PHI,NYM,W,14,8,5,3:17,N,30104,0,+,1,Tuesday Sep 1 2015,2015,7:10 PM
134,9/2/2015,PHI,NYM,L,4,9,5,2:53,N,32464,0,-,1,Wednesday Sep 2 2015,2015,7:10 PM
135,9/4/2015,PHI,BOS,L,5,7,5,3:22,N,33674,0,--,1,Friday Sep 4 2015,2015,7:10 PM
136,9/5/2015,PHI,BOS,L,2,9,5,2:24,D,36534,0,---,1,Saturday Sep 5 2015,2015,4:05 PM
137,9/6/2015,PHI,BOS,L,2,6,5,2:57,D,34708,0,----,1,Sunday Sep 6 2015,2015,1:35 PM
138,9/7/2015,PHI,ATL,L,2,7,5,2:32,N,15125,0,-----,0,Monday Sep 7 2015,2015,7:05 PM
139,9/8/2015,PHI,ATL,W,5,0,5,2:30,N,15610,0,+,0,Tuesday Sep 8 2015,2015,7:05 PM
140,9/9/2015,PHI,ATL,L,1,8,5,2:52,N,15241,0,-,0,Wednesday Sep 9 2015,2015,7:05 PM
141,9/11/2015,PHI,CHC,L,1,5,5,2:54,N,NA,0,--,0,Friday Sep 11 (1) 2015,2015,5:05 PM
142,9/11/2015,PHI,CHC,L,3,7,5,2:56,N,22538,0,---,0,Friday Sep 11 (2) 2015,2015,7:05 PM
143,9/12/2015,PHI,CHC,W-wo,7,5,5,3:12,N,20813,0,+,0,Saturday Sep 12 2015,2015,7:05 PM
144,9/13/2015,PHI,CHC,W,7,4,4,3:04,D,23450,0,++,0,Sunday Sep 13 2015,2015,1:35 PM
145,9/14/2015,PHI,WSN,L,7,8,5,3:54,N,15402,0,-,0,Monday Sep 14 2015,2015,7:05 PM
146,9/15/2015,PHI,WSN,L,0,4,5,2:35,N,15325,0,--,0,Tuesday Sep 15 2015,2015,7:05 PM
147,9/16/2015,PHI,WSN,L,2,12,5,2:49,N,15753,0,---,0,Wednesday Sep 16 2015,2015,7:05 PM
148,9/18/2015,PHI,ATL,L,1,2,5,2:58,N,22525,0,----,1,Friday Sep 18 2015,2015,7:35 PM
149,9/19/2015,PHI,ATL,L,1,2,5,2:21,N,24855,0,-----,1,Saturday Sep 19 2015,2015,7:10 PM
150,9/20/2015,PHI,ATL,L-wo,1,2,5,2:33,D,23723,0,------,1,Sunday Sep 20 2015,2015,1:35 PM
151,9/22/2015,PHI,MIA,W,6,2,5,2:43,N,16742,0,+,1,Tuesday Sep 22 2015,2015,7:10 PM
152,9/23/2015,PHI,MIA,L-wo,3,4,5,3:20,N,15662,0,-,1,Wednesday Sep 23 2015,2015,7:10 PM
153,9/24/2015,PHI,MIA,L,0,1,5,2:34,N,17083,0,--,1,Thursday Sep 24 2015,2015,7:10 PM
154,9/25/2015,PHI,WSN,W,8,2,5,2:30,N,31019,0,+,1,Friday Sep 25 2015,2015,7:05 PM
155,9/26/2015,PHI,WSN,L-wo,1,2,5,3:50,D,32086,0,-,1,Saturday Sep 26 2015,2015,4:05 PM
156,9/27/2015,PHI,WSN,W,12,5,5,3:02,D,28661,0,+,1,Sunday Sep 27 2015,2015,1:35 PM
157,9/29/2015,PHI,NYM,W,4,3,5,2:46,N,15227,0,++,0,Tuesday Sep 29 2015,2015,7:05 PM
158,9/30/2015,PHI,NYM,W,7,5,5,3:59,N,15201,0,+++,0,Wednesday Sep 30 2015,2015,7:05 PM
159,10/1/2015,PHI,NYM,W,3,0,5,2:23,D,13238,0,++++,0,Thursday Oct 1 2015,2015,12:05 PM
160,10/3/2015,PHI,MIA,L,6,7,5,3:19,D,NA,0,-,0,Saturday Oct 3 (1) 2015,2015,4:05 PM
161,10/3/2015,PHI,MIA,L,2,5,5,2:35,N,16240,0,--,0,Saturday Oct 3 (2) 2015,2015,7:05 PM
162,10/4/2015,PHI,MIA,W,7,2,5,2:29,D,21734,0,+,0,Sunday Oct 4 2015,2015,3:05 PM
1,4/4/2016,PHI,CIN,L,2,6,3,2:56,D,43683,0.94,-,1,Monday Apr 4 2016,2016,4:10 PM
2,4/6/2016,PHI,CIN,L-wo,2,3,3,2:23,N,21621,0.94,--,1,Wednesday Apr 6 2016,2016,7:10 PM
3,4/7/2016,PHI,CIN,L,6,10,5,3:04,D,10784,0.86,---,1,Thursday Apr 7 2016,2016,12:35 PM
4,4/8/2016,PHI,NYM,L,2,7,5,3:09,D,44099,0.97,----,1,Friday Apr 8 2016,2016,1:10 PM
5,4/9/2016,PHI,NYM,W,1,0,4,2:44,N,37083,0.92,+,1,Saturday Apr 9 2016,2016,7:10 PM
6,4/10/2016,PHI,NYM,W,5,2,3,2:57,D,37233,0.98,++,1,Sunday Apr 10 2016,2016,1:10 PM
7,4/11/2016,PHI,SDP,L,3,4,4,2:51,D,45229,0.89,-,0,Monday Apr 11 2016,2016,3:05 PM
8,4/12/2016,PHI,SDP,W,3,0,3,2:58,N,21043,0.86,+,0,Tuesday Apr 12 2016,2016,7:05 PM
9,4/13/2016,PHI,SDP,W,2,1,2,2:36,N,17638,0.92,++,0,Wednesday Apr 13 2016,2016,7:05 PM
10,4/14/2016,PHI,SDP,W,3,0,2,2:27,D,18079,0.88,+++,0,Thursday Apr 14 2016,2016,1:05 PM
11,4/15/2016,PHI,WSN,L,1,9,2,3:11,N,22624,1.18,-,0,Friday Apr 15 2016,2016,7:05 PM
12,4/16/2016,PHI,WSN,L,1,8,2,2:37,N,30320,1.09,--,0,Saturday Apr 16 2016,2016,7:05 PM
13,4/17/2016,PHI,WSN,W-wo,3,2,2,3:24,D,37378,1.07,+,0,Sunday Apr 17 2016,2016,1:35 PM
14,4/18/2016,PHI,NYM,L,2,5,3,2:51,N,21585,1.01,-,0,Monday Apr 18 2016,2016,7:05 PM
15,4/19/2016,PHI,NYM,L,1,11,3,3:03,N,22417,0.99,--,0,Tuesday Apr 19 2016,2016,7:05 PM
16,4/20/2016,PHI,NYM,W-wo,5,4,3,4:03,N,20057,0.88,+,0,Wednesday Apr 20 2016,2016,7:05 PM
17,4/22/2016,PHI,MIL,W,5,2,3,2:48,N,23439,0.84,++,1,Friday Apr 22 2016,2016,8:10 PM
18,4/23/2016,PHI,MIL,W,10,6,3,4:00,N,34813,0.91,+++,1,Saturday Apr 23 2016,2016,7:10 PM
19,4/24/2016,PHI,MIL,L,5,8,3,2:49,D,28131,0.95,-,1,Sunday Apr 24 2016,2016,2:10 PM
20,4/26/2016,PHI,WSN,W,4,3,3,3:25,N,25097,1.08,+,1,Tuesday Apr 26 2016,2016,7:05 PM
21,4/27/2016,PHI,WSN,W,3,0,3,2:59,N,24186,1.13,++,1,Wednesday Apr 27 2016,2016,7:05 PM
22,4/28/2016,PHI,WSN,W,3,0,3,2:59,D,22112,1.19,+++,1,Thursday Apr 28 2016,2016,4:05 PM
23,4/29/2016,PHI,CLE,W-wo,4,3,3,3:20,N,18677,0.97,++++,0,Friday Apr 29 2016,2016,7:05 PM
24,4/30/2016,PHI,CLE,W,4,3,3,3:03,N,23636,1,+++++,0,Saturday Apr 30 2016,2016,7:05 PM
25,5/1/2016,PHI,CLE,W,2,1,3,2:40,D,23809,0.98,++++++,0,Sunday May 1 2016,2016,2:35 PM
26,5/2/2016,PHI,STL,L,3,10,3,3:01,N,40438,1.11,-,1,Monday May 2 2016,2016,8:15 PM
27,5/3/2016,PHI,STL,W,1,0,3,2:31,N,40087,1.06,+,1,Tuesday May 3 2016,2016,8:15 PM
28,5/4/2016,PHI,STL,L-wo,4,5,3,3:03,N,40725,1.1,-,1,Wednesday May 4 2016,2016,8:15 PM
29,5/5/2016,PHI,STL,L,0,4,3,2:39,D,41818,1.05,--,1,Thursday May 5 2016,2016,1:45 PM
30,5/6/2016,PHI,MIA,L,4,6,4,2:49,N,19983,1.15,---,1,Friday May 6 2016,2016,7:10 PM
31,5/7/2016,PHI,MIA,W,4,3,3,3:20,N,21719,1.17,+,1,Saturday May 7 2016,2016,7:10 PM
32,5/8/2016,PHI,MIA,W,6,5,3,3:10,D,19625,1.15,++,1,Sunday May 8 2016,2016,1:10 PM
33,5/10/2016,PHI,ATL,W,3,2,3,2:33,N,14490,1.11,+++,1,Tuesday May 10 2016,2016,7:10 PM
34,5/11/2016,PHI,ATL,L,1,5,3,2:20,N,13760,1.11,-,1,Wednesday May 11 2016,2016,7:10 PM
35,5/12/2016,PHI,ATL,W,7,4,3,3:14,N,15643,1.09,+,1,Thursday May 12 2016,2016,7:10 PM
36,5/13/2016,PHI,CIN,W,3,2,3,2:37,N,22230,1.18,++,0,Friday May 13 2016,2016,7:05 PM
37,5/14/2016,PHI,CIN,W,4,3,2,2:45,N,29535,1.13,+++,0,Saturday May 14 2016,2016,7:05 PM
38,5/15/2016,PHI,CIN,L,4,9,2,3:52,D,27869,1.21,-,0,Sunday May 15 2016,2016,1:35 PM
39,5/16/2016,PHI,MIA,L,3,5,2,3:07,N,28348,1.34,--,0,Monday May 16 2016,2016,7:05 PM
40,5/17/2016,PHI,MIA,W,3,1,2,2:53,N,18140,1.36,+,0,Tuesday May 17 2016,2016,7:05 PM
41,5/18/2016,PHI,MIA,W,4,2,2,2:29,D,29579,1.37,++,0,Wednesday May 18 2016,2016,1:05 PM
42,5/20/2016,PHI,ATL,L,1,7,2,3:00,N,27257,1.24,-,0,Friday May 20 2016,2016,7:05 PM
43,5/21/2016,PHI,ATL,L,0,2,3,2:56,D,20196,1.17,--,0,Saturday May 21 2016,2016,3:05 PM
44,5/22/2016,PHI,ATL,W,5,0,3,2:35,D,23367,1.19,+,0,Sunday May 22 2016,2016,1:35 PM
45,5/23/2016,PHI,DET,L,4,5,3,3:10,N,26400,1.13,-,1,Monday May 23 2016,2016,7:10 PM
46,5/24/2016,PHI,DET,L,1,3,3,2:38,N,26531,1.16,--,1,Tuesday May 24 2016,2016,7:10 PM
47,5/25/2016,PHI,DET,W,8,5,3,3:11,D,31187,1.07,+,1,Wednesday May 25 2016,2016,1:10 PM
48,5/27/2016,PHI,CHC,L,2,6,3,3:04,D,38941,1.13,-,1,Friday May 27 2016,2016,2:20 PM
49,5/28/2016,PHI,CHC,L,1,4,3,2:18,D,41555,1.11,--,1,Saturday May 28 2016,2016,2:20 PM
50,5/29/2016,PHI,CHC,L,2,7,3,2:50,D,41575,1.08,---,1,Sunday May 29 2016,2016,2:20 PM
51,5/30/2016,PHI,WSN,L,3,4,3,2:53,N,21993,1.26,----,0,Monday May 30 2016,2016,7:05 PM
52,5/31/2016,PHI,WSN,L,1,5,4,2:54,N,18572,1.2,-----,0,Tuesday May 31 2016,2016,7:05 PM
53,6/1/2016,PHI,WSN,L,2,7,4,2:45,N,19052,1.14,------,0,Wednesday Jun 1 2016,2016,7:05 PM
54,6/2/2016,PHI,MIL,L,1,4,4,3:14,N,22890,0.83,-------,0,Thursday Jun 2 2016,2016,7:05 PM
55,6/3/2016,PHI,MIL,W,6,3,4,3:03,N,20138,0.77,+,0,Friday Jun 3 2016,2016,7:05 PM
56,6/4/2016,PHI,MIL,L,3,6,4,3:25,D,25177,0.86,-,0,Saturday Jun 4 2016,2016,3:05 PM
57,6/5/2016,PHI,MIL,W,8,1,4,3:05,D,24259,0.76,+,0,Sunday Jun 5 2016,2016,1:35 PM
58,6/6/2016,PHI,CHC,L,4,6,4,3:05,N,22162,0.81,-,0,Monday Jun 6 2016,2016,7:05 PM
59,6/7/2016,PHI,CHC,W,3,2,4,2:45,N,27381,0.7,+,0,Tuesday Jun 7 2016,2016,7:05 PM
60,6/8/2016,PHI,CHC,L,1,8,4,2:44,D,28650,0.81,-,0,Wednesday Jun 8 2016,2016,1:05 PM
61,6/10/2016,PHI,WSN,L,6,9,4,2:53,N,37941,0.87,--,1,Friday Jun 10 2016,2016,7:05 PM
62,6/11/2016,PHI,WSN,L,0,8,4,2:56,D,38044,0.76,---,1,Saturday Jun 11 2016,2016,12:05 PM
63,6/12/2016,PHI,WSN,L-wo,4,5,4,2:56,D,34294,0.68,----,1,Sunday Jun 12 2016,2016,4:05 PM
64,6/13/2016,PHI,TOR,W,7,0,4,2:55,N,35678,0.47,+,1,Monday Jun 13 2016,2016,7:07 PM
65,6/14/2016,PHI,TOR,L,3,11,4,2:43,D,47066,0.54,-,1,Tuesday Jun 14 2016,2016,12:37 PM
66,6/15/2016,PHI,TOR,L,2,7,4,2:51,N,24753,0.49,--,0,Wednesday Jun 15 2016,2016,7:05 PM
67,6/16/2016,PHI,TOR,L,2,13,4,3:04,N,22279,0.44,---,0,Thursday Jun 16 2016,2016,7:05 PM
68,6/17/2016,PHI,ARI,L,2,10,4,3:04,N,19282,0.37,----,0,Friday Jun 17 2016,2016,7:05 PM
69,6/18/2016,PHI,ARI,L,1,4,4,2:37,D,33797,0.3,-----,0,Saturday Jun 18 2016,2016,3:05 PM
70,6/19/2016,PHI,ARI,L,1,5,4,2:59,D,40214,0.28,------,0,Sunday Jun 19 2016,2016,1:35 PM
71,6/20/2016,PHI,ARI,L,1,3,4,2:40,D,22118,0.26,-------,0,Monday Jun 20 2016,2016,1:05 PM
72,6/21/2016,PHI,MIN,L,10,14,4,3:24,N,25714,0.2,--------,1,Tuesday Jun 21 2016,2016,8:10 PM
73,6/22/2016,PHI,MIN,L,5,6,4,2:48,N,25032,0.18,---------,1,Wednesday Jun 22 2016,2016,8:10 PM
74,6/23/2016,PHI,MIN,W,7,3,4,3:07,D,30012,0.13,+,1,Thursday Jun 23 2016,2016,1:10 PM
75,6/24/2016,PHI,SFG,L,4,5,4,3:21,N,42238,0.17,-,1,Friday Jun 24 2016,2016,10:15 PM
76,6/25/2016,PHI,SFG,W,3,2,4,2:47,N,41928,0.14,+,1,Saturday Jun 25 2016,2016,10:05 PM
77,6/26/2016,PHI,SFG,L-wo,7,8,4,3:16,D,41479,0.18,-,1,Sunday Jun 26 2016,2016,4:05 PM
78,6/27/2016,PHI,ARI,W,8,0,4,3:18,N,22567,0.13,+,1,Monday Jun 27 2016,2016,9:40 PM
79,6/28/2016,PHI,ARI,W,4,3,4,3:34,N,19645,0.17,++,1,Tuesday Jun 28 2016,2016,9:40 PM
80,6/29/2016,PHI,ARI,W,9,8,4,3:53,D,18603,0.2,+++,1,Wednesday Jun 29 2016,2016,3:40 PM
81,7/1/2016,PHI,KCR,W,4,3,4,3:06,N,30263,0.25,++++,0,Friday Jul 1 2016,2016,7:05 PM
82,7/2/2016,PHI,KCR,L,2,6,4,2:47,N,40331,0.24,-,0,Saturday Jul 2 2016,2016,5:50 PM
83,7/3/2016,PHI,KCR,W,7,2,4,2:42,D,20473,0.21,+,0,Sunday Jul 3 2016,2016,1:35 PM
84,7/4/2016,PHI,ATL,W,8,2,4,2:27,D,19064,0.21,++,0,Monday Jul 4 2016,2016,4:05 PM
85,7/5/2016,PHI,ATL,W,5,1,4,2:08,N,18426,0.27,+++,0,Tuesday Jul 5 2016,2016,7:05 PM
86,7/6/2016,PHI,ATL,W,4,3,4,2:54,D,19211,0.29,++++,0,Wednesday Jul 6 2016,2016,1:05 PM
87,7/7/2016,PHI,COL,L,2,11,4,2:53,N,35250,0.38,-,1,Thursday Jul 7 2016,2016,8:40 PM
88,7/8/2016,PHI,COL,W,5,3,4,3:36,N,42335,0.32,+,1,Friday Jul 8 2016,2016,8:10 PM
89,7/9/2016,PHI,COL,L,3,8,4,2:45,N,48105,0.35,-,1,Saturday Jul 9 2016,2016,8:40 PM
90,7/10/2016,PHI,COL,W,10,3,4,3:11,D,32113,0.28,+,1,Sunday Jul 10 2016,2016,4:10 PM
91,7/15/2016,PHI,NYM,L,3,5,4,3:10,N,28076,0.35,-,0,Friday Jul 15 2016,2016,7:05 PM
92,7/16/2016,PHI,NYM,W,4,2,4,3:11,N,37324,0.26,+,0,Saturday Jul 16 2016,2016,7:05 PM
93,7/17/2016,PHI,NYM,L,0,5,4,2:21,D,30894,0.33,-,0,Sunday Jul 17 2016,2016,1:35 PM
94,7/18/2016,PHI,MIA,L,2,3,4,3:05,N,19115,0.26,--,0,Monday Jul 18 2016,2016,7:05 PM
95,7/19/2016,PHI,MIA,L,1,2,4,3:26,N,18347,0.2,---,0,Tuesday Jul 19 2016,2016,7:05 PM
96,7/20/2016,PHI,MIA,W,4,1,4,2:37,N,20654,0.14,+,0,Wednesday Jul 20 2016,2016,7:05 PM
97,7/21/2016,PHI,MIA,L,3,9,4,2:57,N,27839,0.18,-,0,Thursday Jul 21 2016,2016,7:05 PM
98,7/22/2016,PHI,PIT,W,4,0,4,2:38,N,33703,0.12,+,1,Friday Jul 22 2016,2016,7:05 PM
99,7/23/2016,PHI,PIT,L,4,7,4,3:35,D,35802,0.16,-,1,Saturday Jul 23 2016,2016,4:05 PM
100,7/24/2016,PHI,PIT,L,4,5,4,3:08,D,32439,0.14,--,1,Sunday Jul 24 2016,2016,1:35 PM
101,7/25/2016,PHI,MIA,W,4,0,4,3:03,N,19465,0.11,+,1,Monday Jul 25 2016,2016,7:10 PM
102,7/26/2016,PHI,MIA,L,0,5,4,2:41,N,20365,0.14,-,1,Tuesday Jul 26 2016,2016,7:10 PM
103,7/27/2016,PHI,MIA,L,1,11,4,2:57,D,32403,0.11,--,1,Wednesday Jul 27 2016,2016,12:10 PM
104,7/28/2016,PHI,ATL,W,7,5,4,3:25,N,22785,0.06,+,1,Thursday Jul 28 2016,2016,7:10 PM
105,7/29/2016,PHI,ATL,L,1,2,4,2:43,N,27732,0.09,-,1,Friday Jul 29 2016,2016,7:35 PM
106,7/30/2016,PHI,ATL,W,9,5,4,3:40,N,38236,0.07,+,1,Saturday Jul 30 2016,2016,7:10 PM
107,7/31/2016,PHI,ATL,L,1,2,4,2:43,D,21545,0.09,-,1,Sunday Jul 31 2016,2016,1:35 PM
108,8/2/2016,PHI,SFG,W,13,8,4,3:16,N,23351,0.07,+,0,Tuesday Aug 2 2016,2016,7:05 PM
109,8/3/2016,PHI,SFG,W-wo,5,4,4,4:03,N,23162,0.08,++,0,Wednesday Aug 3 2016,2016,7:05 PM
110,8/4/2016,PHI,SFG,L,2,3,4,3:30,D,30229,0.11,-,0,Thursday Aug 4 2016,2016,1:05 PM
111,8/5/2016,PHI,SDP,W,5,4,4,2:55,N,27521,0.08,+,1,Friday Aug 5 2016,2016,10:40 PM
112,8/6/2016,PHI,SDP,L,7,9,4,3:17,N,37453,0.09,-,1,Saturday Aug 6 2016,2016,8:40 PM
113,8/7/2016,PHI,SDP,W,6,5,4,3:13,D,32710,0.09,+,1,Sunday Aug 7 2016,2016,4:40 PM
114,8/8/2016,PHI,LAD,L,4,9,4,2:50,N,48370,0.1,-,1,Monday Aug 8 2016,2016,10:10 PM
115,8/9/2016,PHI,LAD,L,3,9,4,3:17,N,42859,0.08,--,1,Tuesday Aug 9 2016,2016,10:10 PM
116,8/10/2016,PHI,LAD,W,6,2,4,3:17,D,41098,0.06,+,1,Wednesday Aug 10 2016,2016,3:10 PM
117,8/12/2016,PHI,COL,W,10,6,4,3:25,N,23600,0.07,++,0,Friday Aug 12 2016,2016,7:05 PM
118,8/13/2016,PHI,COL,W,6,3,4,3:20,N,23203,0.14,+++,0,Saturday Aug 13 2016,2016,7:05 PM
119,8/14/2016,PHI,COL,W,7,6,4,3:33,D,20068,0.15,++++,0,Sunday Aug 14 2016,2016,1:35 PM
120,8/16/2016,PHI,LAD,L,5,15,4,3:30,N,28118,0.17,-,0,Tuesday Aug 16 2016,2016,7:05 PM
121,8/17/2016,PHI,LAD,L,2,7,4,3:23,N,21137,0.1,--,0,Wednesday Aug 17 2016,2016,7:05 PM
122,8/18/2016,PHI,LAD,W,5,4,4,2:54,N,29187,0.07,+,0,Thursday Aug 18 2016,2016,7:05 PM
123,8/19/2016,PHI,STL,L,3,4,4,3:54,N,20627,0.11,-,0,Friday Aug 19 2016,2016,7:05 PM
124,8/20/2016,PHI,STL,W,4,2,4,2:56,N,32288,0.06,+,0,Saturday Aug 20 2016,2016,7:05 PM
125,8/21/2016,PHI,STL,L,0,9,4,3:07,D,20127,0.09,-,0,Sunday Aug 21 2016,2016,1:35 PM
126,8/23/2016,PHI,CHW,L,1,9,4,2:38,N,18843,0.04,--,1,Tuesday Aug 23 2016,2016,8:10 PM
127,8/24/2016,PHI,CHW,W,5,3,4,2:44,N,15630,0.04,+,1,Wednesday Aug 24 2016,2016,8:10 PM
128,8/26/2016,PHI,NYM,L,4,9,4,2:56,N,31111,0.06,-,1,Friday Aug 26 2016,2016,7:10 PM
129,8/27/2016,PHI,NYM,L,1,12,4,3:07,N,35832,0.03,--,1,Saturday Aug 27 2016,2016,7:10 PM
130,8/28/2016,PHI,NYM,W,5,1,4,3:08,D,32033,0.02,+,1,Sunday Aug 28 2016,2016,1:10 PM
131,8/29/2016,PHI,WSN,L,0,4,4,2:58,N,16056,0.03,-,0,Monday Aug 29 2016,2016,7:05 PM
132,8/30/2016,PHI,WSN,L,2,3,4,2:42,N,16378,0.02,--,0,Tuesday Aug 30 2016,2016,7:05 PM
133,8/31/2016,PHI,WSN,L,1,2,4,2:50,N,16503,0.01,---,0,Wednesday Aug 31 2016,2016,7:05 PM
134,9/2/2016,PHI,ATL,L,4,8,4,3:28,N,17175,0.01,----,0,Friday Sep 2 2016,2016,7:05 PM
135,9/3/2016,PHI,ATL,L,4,6,4,3:27,N,19453,0,-----,0,Saturday Sep 3 2016,2016,7:05 PM
136,9/4/2016,PHI,ATL,L,0,2,4,3:14,D,21322,0,------,0,Sunday Sep 4 2016,2016,1:35 PM
137,9/5/2016,PHI,MIA,W,6,2,4,2:54,D,20849,0,+,1,Monday Sep 5 2016,2016,1:10 PM
138,9/6/2016,PHI,MIA,W,4,3,4,3:00,N,16169,0,++,1,Tuesday Sep 6 2016,2016,7:10 PM
139,9/7/2016,PHI,MIA,L,0,6,4,2:52,N,16592,0,-,1,Wednesday Sep 7 2016,2016,7:10 PM
140,9/8/2016,PHI,WSN,W,4,1,4,2:48,N,25412,0,+,1,Thursday Sep 8 2016,2016,7:05 PM
141,9/9/2016,PHI,WSN,L-wo,4,5,4,3:31,N,28469,0,-,1,Friday Sep 9 2016,2016,7:05 PM
142,9/10/2016,PHI,WSN,L,0,3,4,3:05,N,36152,0,--,1,Saturday Sep 10 2016,2016,7:05 PM
143,9/11/2016,PHI,WSN,L,2,3,4,2:49,D,31805,0,---,1,Sunday Sep 11 2016,2016,1:35 PM
144,9/12/2016,PHI,PIT,W,6,2,4,3:18,N,15514,0,+,0,Monday Sep 12 2016,2016,7:05 PM
145,9/13/2016,PHI,PIT,L,3,5,4,3:12,N,16190,0,-,0,Tuesday Sep 13 2016,2016,7:05 PM
146,9/14/2016,PHI,PIT,W,6,2,4,2:57,N,16112,0,+,0,Wednesday Sep 14 2016,2016,7:05 PM
147,9/15/2016,PHI,PIT,L,2,15,4,2:54,N,15247,0,-,0,Thursday Sep 15 2016,2016,7:05 PM
148,9/16/2016,PHI,MIA,W-wo,4,3,4,4:43,N,18179,0,+,0,Friday Sep 16 2016,2016,7:05 PM
149,9/17/2016,PHI,MIA,W,8,0,4,2:42,N,24597,0,++,0,Saturday Sep 17 2016,2016,7:05 PM
150,9/18/2016,PHI,MIA,L,4,5,4,3:16,D,20059,0,-,0,Sunday Sep 18 2016,2016,1:35 PM
151,9/20/2016,PHI,CHW,W,7,6,4,3:20,N,16096,0,+,0,Tuesday Sep 20 2016,2016,7:05 PM
152,9/21/2016,PHI,CHW,W,8,3,4,2:43,N,21703,0,++,0,Wednesday Sep 21 2016,2016,7:05 PM
153,9/22/2016,PHI,NYM,L-wo,8,9,4,4:23,N,35759,0,-,1,Thursday Sep 22 2016,2016,7:10 PM
154,9/23/2016,PHI,NYM,L,5,10,4,3:40,N,37873,0,--,1,Friday Sep 23 2016,2016,7:10 PM
155,9/24/2016,PHI,NYM,W,10,8,4,3:47,N,39995,0,+,1,Saturday Sep 24 2016,2016,7:10 PM
156,9/25/2016,PHI,NYM,L,0,17,4,3:32,D,35093,0,-,1,Sunday Sep 25 2016,2016,1:10 PM
157,9/27/2016,PHI,ATL,L,6,7,4,3:02,N,22348,0,--,1,Tuesday Sep 27 2016,2016,7:10 PM
158,9/28/2016,PHI,ATL,L,2,12,4,2:45,N,22104,0,---,1,Wednesday Sep 28 2016,2016,7:10 PM
159,9/29/2016,PHI,ATL,L,2,5,4,3:18,N,32121,0,----,1,Thursday Sep 29 2016,2016,7:10 PM
160,9/30/2016,PHI,NYM,L,1,5,4,2:53,N,20556,0,-----,0,Friday Sep 30 2016,2016,7:05 PM
161,10/1/2016,PHI,NYM,L,3,5,4,3:01,D,20225,0,------,0,Saturday Oct 1 2016,2016,1:05 PM
162,10/2/2016,PHI,NYM,W,5,2,4,2:39,D,36935,0,+,0,Sunday Oct 2 2016,2016,3:05 PM
1,4/3/2017,PHI,CIN,W,4,3,1,3:04,D,43804,0.99,+,1,Monday Apr 3 2017,2017,4:10 PM
2,4/5/2017,PHI,CIN,L,0,2,2,2:25,N,19944,0.99,-,1,Wednesday Apr 5 2017,2017,7:10 PM
3,4/6/2017,PHI,CIN,L,4,7,3,3:05,D,10586,0.95,--,1,Thursday Apr 6 2017,2017,12:35 PM
4,4/7/2017,PHI,WSN,L,6,7,4,3:34,D,45121,1.05,---,0,Friday Apr 7 2017,2017,3:05 PM
5,4/8/2017,PHI,WSN,W,17,3,3,3:15,N,37241,1.01,+,0,Saturday Apr 8 2017,2017,7:05 PM
6,4/9/2017,PHI,WSN,W-wo,4,3,1,3:24,D,36917,1.08,++,0,Sunday Apr 9 2017,2017,1:35 PM
7,4/10/2017,PHI,NYM,L,3,4,4,2:59,N,33359,1.13,-,0,Monday Apr 10 2017,2017,7:05 PM
8,4/11/2017,PHI,NYM,L,4,14,4,3:38,N,28659,1.05,--,0,Tuesday Apr 11 2017,2017,7:05 PM
9,4/12/2017,PHI,NYM,L,4,5,4,3:13,N,28272,0.97,---,0,Wednesday Apr 12 2017,2017,7:05 PM
10,4/14/2017,PHI,WSN,L-wo,2,3,5,3:18,D,38664,0.94,----,1,Friday Apr 14 2017,2017,4:05 PM
11,4/15/2017,PHI,WSN,W,4,2,5,2:39,D,35626,0.86,+,1,Saturday Apr 15 2017,2017,1:05 PM
12,4/16/2017,PHI,WSN,L-wo,4,6,5,3:11,D,29774,0.93,-,1,Sunday Apr 16 2017,2017,1:35 PM
13,4/18/2017,PHI,NYM,W,6,2,5,3:58,N,23536,0.86,+,1,Tuesday Apr 18 2017,2017,7:10 PM
14,4/19/2017,PHI,NYM,L,4,5,5,2:37,N,22243,0.91,-,1,Wednesday Apr 19 2017,2017,7:10 PM
15,4/20/2017,PHI,NYM,W,6,4,4,3:14,N,24656,0.9,+,1,Thursday Apr 20 2017,2017,7:10 PM
16,4/21/2017,PHI,ATL,W,4,3,4,2:38,N,24189,0.89,++,0,Friday Apr 21 2017,2017,7:05 PM
17,4/22/2017,PHI,ATL,W-wo,4,3,3,3:32,N,31334,0.94,+++,0,Saturday Apr 22 2017,2017,7:05 PM
18,4/23/2017,PHI,ATL,W,5,2,3,2:38,D,28632,1,++++,0,Sunday Apr 23 2017,2017,1:35 PM
19,4/26/2017,PHI,MIA,W,7,4,2,2:41,N,26191,1.1,+++++,0,Wednesday Apr 26 2017,2017,7:05 PM
20,4/27/2017,PHI,MIA,W,3,2,2,3:15,D,22180,1.14,++++++,0,Thursday Apr 27 2017,2017,1:05 PM
21,4/28/2017,PHI,LAD,L,3,5,2,3:02,N,46729,1.04,-,1,Friday Apr 28 2017,2017,10:10 PM
22,4/29/2017,PHI,LAD,L-wo,5,6,2,3:27,N,53110,1.05,--,1,Saturday Apr 29 2017,2017,9:10 PM
23,4/30/2017,PHI,LAD,L,3,5,2,3:06,D,48961,0.98,---,1,Sunday Apr 30 2017,2017,4:10 PM
24,5/1/2017,PHI,CHC,W,10,2,2,3:06,N,38567,0.94,+,1,Monday May 1 2017,2017,8:05 PM
25,5/2/2017,PHI,CHC,L,3,8,2,3:24,N,38660,0.98,-,1,Tuesday May 2 2017,2017,8:05 PM
26,5/3/2017,PHI,CHC,L,4,5,2,3:09,N,39335,0.96,--,1,Wednesday May 3 2017,2017,8:05 PM
27,5/4/2017,PHI,CHC,L-wo,4,5,2,4:22,D,36394,0.92,---,1,Thursday May 4 2017,2017,2:20 PM
28,5/5/2017,PHI,WSN,L,2,4,3,3:20,N,20237,1.07,----,0,Friday May 5 2017,2017,7:05 PM
29,5/6/2017,PHI,WSN,L,2,6,3,3:01,N,21298,0.94,-----,0,Saturday May 6 2017,2017,7:05 PM
30,5/7/2017,PHI,WSN,W-wo,6,5,3,3:51,D,30464,0.83,+,0,Sunday May 7 2017,2017,2:35 PM
31,5/9/2017,PHI,SEA,L,9,10,3,3:48,N,31715,0.75,-,0,Tuesday May 9 2017,2017,7:05 PM
32,5/10/2017,PHI,SEA,L,6,11,3,3:40,D,26697,0.71,--,0,Wednesday May 10 2017,2017,1:05 PM
33,5/13/2017,PHI,WSN,L-wo,4,6,3,3:34,N,31473,0.87,---,1,Saturday May 13 2017,2017,7:05 PM
34,5/14/2017,PHI,WSN,W,4,3,3,3:02,D,31738,0.8,+,1,Sunday May 14 (1) 2017,2017,1:35 PM
35,5/14/2017,PHI,WSN,L,5,6,3,3:34,N,30137,0.88,-,1,Sunday May 14 (2) 2017,2017,7:05 PM
36,5/16/2017,PHI,TEX,L,1,5,4,2:44,N,23110,0.63,--,1,Tuesday May 16 2017,2017,8:05 PM
37,5/17/2017,PHI,TEX,L,3,9,4,2:48,N,28703,0.57,---,1,Wednesday May 17 2017,2017,8:05 PM
38,5/18/2017,PHI,TEX,L,4,8,4,3:12,D,35007,0.55,----,1,Thursday May 18 2017,2017,2:05 PM
39,5/19/2017,PHI,PIT,W,7,2,4,2:54,N,25795,0.49,+,1,Friday May 19 2017,2017,7:05 PM
40,5/20/2017,PHI,PIT,L,3,6,4,2:52,D,32572,0.56,-,1,Saturday May 20 2017,2017,4:05 PM
41,5/21/2017,PHI,PIT,L,0,1,4,2:45,D,24445,0.53,--,1,Sunday May 21 2017,2017,1:35 PM
42,5/22/2017,PHI,COL,L,1,8,4,3:03,N,21251,0.47,---,0,Monday May 22 2017,2017,7:05 PM
43,5/23/2017,PHI,COL,L,2,8,5,2:44,N,17109,0.39,----,0,Tuesday May 23 2017,2017,7:05 PM
44,5/24/2017,PHI,COL,L,2,7,5,3:09,N,19160,0.32,-----,0,Wednesday May 24 2017,2017,7:05 PM
45,5/25/2017,PHI,COL,W-wo,2,1,4,3:39,D,18143,0.27,+,0,Thursday May 25 2017,2017,1:05 PM
46,5/26/2017,PHI,CIN,L,2,5,5,2:34,N,21388,0.33,-,0,Friday May 26 2017,2017,7:05 PM
47,5/27/2017,PHI,CIN,W-wo,4,3,4,2:47,D,30100,0.26,+,0,Saturday May 27 2017,2017,4:05 PM
48,5/28/2017,PHI,CIN,L,4,8,5,2:50,D,25413,0.29,-,0,Sunday May 28 2017,2017,1:35 PM
49,5/29/2017,PHI,MIA,L,1,4,5,2:37,N,17032,0.28,--,1,Monday May 29 2017,2017,7:10 PM
50,5/30/2017,PHI,MIA,L,2,7,5,3:07,N,16241,0.21,---,1,Tuesday May 30 2017,2017,7:10 PM
51,5/31/2017,PHI,MIA,L,2,10,5,3:16,D,15197,0.19,----,1,Wednesday May 31 2017,2017,1:10 PM
52,6/2/2017,PHI,SFG,L,0,10,5,2:55,N,22491,0.13,-----,0,Friday Jun 2 2017,2017,7:05 PM
53,6/3/2017,PHI,SFG,W,5,3,5,2:50,D,32413,0.12,+,0,Saturday Jun 3 2017,2017,4:05 PM
54,6/4/2017,PHI,SFG,W,9,7,5,3:28,D,25063,0.14,++,0,Sunday Jun 4 2017,2017,1:35 PM
55,6/5/2017,PHI,ATL,W,11,4,5,3:18,N,20942,0.16,+++,1,Monday Jun 5 2017,2017,7:35 PM
56,6/6/2017,PHI,ATL,W,3,1,5,2:42,N,23489,0.19,++++,1,Tuesday Jun 6 2017,2017,7:35 PM
57,6/7/2017,PHI,ATL,L,1,14,5,2:58,N,24185,0.2,-,1,Wednesday Jun 7 2017,2017,7:35 PM
58,6/8/2017,PHI,ATL,L,1,3,5,2:40,N,25095,0.16,--,1,Thursday Jun 8 2017,2017,7:35 PM
59,6/9/2017,PHI,STL,L,2,3,5,2:43,N,42971,0.13,---,1,Friday Jun 9 2017,2017,8:15 PM
60,6/10/2017,PHI,STL,L,0,7,5,2:28,D,43911,0.11,----,1,Saturday Jun 10 2017,2017,2:15 PM
61,6/11/2017,PHI,STL,L,5,6,5,3:09,D,47325,0.1,-----,1,Sunday Jun 11 2017,2017,2:15 PM
62,6/12/2017,PHI,BOS,L-wo,5,6,5,4:16,N,36757,0.09,------,1,Monday Jun 12 2017,2017,7:10 PM
63,6/13/2017,PHI,BOS,L-wo,3,4,5,4:24,N,37141,0.08,-------,1,Tuesday Jun 13 2017,2017,7:10 PM
64,6/14/2017,PHI,BOS,L,3,7,5,3:26,N,28263,0.05,--------,0,Wednesday Jun 14 2017,2017,7:05 PM
65,6/15/2017,PHI,BOS,W,1,0,5,2:25,N,30729,0.04,+,0,Thursday Jun 15 2017,2017,7:05 PM
66,6/16/2017,PHI,ARI,L,4,5,5,3:12,N,18140,0.04,-,0,Friday Jun 16 2017,2017,7:05 PM
67,6/17/2017,PHI,ARI,L,1,5,5,3:25,D,21108,0.03,--,0,Saturday Jun 17 2017,2017,4:05 PM
68,6/18/2017,PHI,ARI,L,4,5,5,4:12,D,31131,0.02,---,0,Sunday Jun 18 2017,2017,1:35 PM
69,6/20/2017,PHI,STL,L,1,8,5,3:28,N,22070,0.02,----,0,Tuesday Jun 20 2017,2017,7:05 PM
70,6/21/2017,PHI,STL,L,6,7,5,3:29,N,25037,0.01,-----,0,Wednesday Jun 21 2017,2017,7:05 PM
71,6/22/2017,PHI,STL,W,5,1,5,2:31,D,23623,0.01,+,0,Thursday Jun 22 2017,2017,1:05 PM
72,6/23/2017,PHI,ARI,W,6,1,5,2:54,N,31648,0.01,++,1,Friday Jun 23 2017,2017,9:40 PM
73,6/24/2017,PHI,ARI,L,2,9,5,3:05,N,40557,0.02,-,1,Saturday Jun 24 2017,2017,10:10 PM
74,6/25/2017,PHI,ARI,L-wo,1,2,5,3:50,D,28179,0.01,--,1,Sunday Jun 25 2017,2017,4:10 PM
75,6/26/2017,PHI,ARI,L,1,6,5,3:11,D,20765,0,---,1,Monday Jun 26 2017,2017,3:40 PM
76,6/27/2017,PHI,SEA,W,8,2,5,3:02,N,22648,0.01,+,1,Tuesday Jun 27 2017,2017,10:10 PM
77,6/28/2017,PHI,SEA,W,5,4,5,3:24,D,29505,0.01,++,1,Wednesday Jun 28 2017,2017,3:40 PM
78,6/30/2017,PHI,NYM,L,1,2,5,2:38,N,37134,0.01,-,1,Friday Jun 30 2017,2017,7:10 PM
79,7/1/2017,PHI,NYM,L,6,7,5,3:21,D,33080,0.01,--,1,Saturday Jul 1 2017,2017,4:10 PM
80,7/2/2017,PHI,NYM,W,7,1,5,2:53,D,30343,0,+,1,Sunday Jul 2 2017,2017,1:10 PM
81,7/3/2017,PHI,PIT,W,4,0,5,2:36,N,26498,0.01,++,0,Monday Jul 3 2017,2017,7:05 PM
82,7/4/2017,PHI,PIT,L,0,3,5,3:01,D,24087,0.01,-,0,Tuesday Jul 4 2017,2017,4:05 PM
83,7/5/2017,PHI,PIT,L,2,5,5,3:16,N,19099,0.01,--,0,Wednesday Jul 5 2017,2017,7:05 PM
84,7/6/2017,PHI,PIT,L,3,6,5,2:58,N,33059,0,---,0,Thursday Jul 6 2017,2017,6:05 PM
85,7/7/2017,PHI,SDP,L,3,4,5,2:41,N,38533,0,----,0,Friday Jul 7 2017,2017,6:35 PM
86,7/8/2017,PHI,SDP,L,1,2,5,2:30,D,33216,0,-----,0,Saturday Jul 8 2017,2017,4:05 PM
87,7/9/2017,PHI,SDP,W,7,1,5,2:45,D,21184,0,+,0,Sunday Jul 9 2017,2017,1:35 PM
88,7/14/2017,PHI,MIL,L,6,9,5,3:10,N,41941,0,-,1,Friday Jul 14 2017,2017,8:10 PM
89,7/15/2017,PHI,MIL,L,2,3,5,2:44,N,37950,0,--,1,Saturday Jul 15 2017,2017,7:10 PM
90,7/16/2017,PHI,MIL,W,5,2,5,3:18,D,41747,0,+,1,Sunday Jul 16 2017,2017,2:10 PM
91,7/17/2017,PHI,MIA,L-wo,5,6,5,3:41,N,17146,0,-,1,Monday Jul 17 2017,2017,7:10 PM
92,7/18/2017,PHI,MIA,W,5,2,5,2:41,N,18176,0,+,1,Tuesday Jul 18 2017,2017,7:10 PM
93,7/19/2017,PHI,MIA,W,10,3,5,3:04,D,31854,0,++,1,Wednesday Jul 19 2017,2017,12:10 PM
94,7/21/2017,PHI,MIL,W,6,1,5,3:02,N,17550,0,+++,0,Friday Jul 21 2017,2017,7:05 PM
95,7/22/2017,PHI,MIL,L,8,9,5,3:24,N,17712,0,-,0,Saturday Jul 22 2017,2017,7:05 PM
96,7/23/2017,PHI,MIL,W,6,3,5,3:07,D,21258,0,+,0,Sunday Jul 23 2017,2017,1:35 PM
97,7/24/2017,PHI,HOU,L,4,13,5,3:27,N,17567,0,-,0,Monday Jul 24 2017,2017,7:05 PM
98,7/25/2017,PHI,HOU,L,0,5,5,2:44,N,17176,0,--,0,Tuesday Jul 25 2017,2017,7:05 PM
99,7/26/2017,PHI,HOU,W,9,0,5,3:25,N,19718,0,+,0,Wednesday Jul 26 2017,2017,7:05 PM
100,7/28/2017,PHI,ATL,W,10,3,5,3:01,N,17177,0,++,0,Friday Jul 28 2017,2017,7:05 PM
101,7/29/2017,PHI,ATL,W-wo,4,3,5,3:50,N,28162,0,+++,0,Saturday Jul 29 2017,2017,7:05 PM
102,7/30/2017,PHI,ATL,W-wo,2,1,5,3:20,D,20680,0,++++,0,Sunday Jul 30 2017,2017,1:35 PM
103,7/31/2017,PHI,ATL,W,7,6,5,3:13,D,20297,0,+++++,0,Monday Jul 31 2017,2017,12:35 PM
104,8/1/2017,PHI,LAA,L,1,7,5,3:20,N,36344,0,-,1,Tuesday Aug 1 2017,2017,10:07 PM
105,8/2/2017,PHI,LAA,L,0,7,5,2:33,N,34623,0,--,1,Wednesday Aug 2 2017,2017,10:07 PM
106,8/3/2017,PHI,LAA,L,4,5,5,3:07,N,34710,0,---,1,Thursday Aug 3 2017,2017,10:07 PM
107,8/4/2017,PHI,COL,L,3,4,5,3:41,N,35092,0,----,1,Friday Aug 4 2017,2017,8:40 PM
108,8/5/2017,PHI,COL,L,5,8,5,2:53,N,40563,0,-----,1,Saturday Aug 5 2017,2017,8:10 PM
109,8/6/2017,PHI,COL,W,3,2,5,3:14,D,48069,0,+,1,Sunday Aug 6 2017,2017,3:10 PM
110,8/8/2017,PHI,ATL,W,5,2,5,2:58,N,25783,0,++,1,Tuesday Aug 8 2017,2017,7:35 PM
111,8/9/2017,PHI,ATL,W,3,2,5,2:55,N,22776,0,+++,1,Wednesday Aug 9 2017,2017,7:35 PM
112,8/10/2017,PHI,NYM,L,0,10,5,3:03,N,27716,0,-,0,Thursday Aug 10 2017,2017,7:05 PM
113,8/11/2017,PHI,NYM,L,6,7,5,3:25,N,26925,0,--,0,Friday Aug 11 2017,2017,7:05 PM
114,8/12/2017,PHI,NYM,W,3,1,5,3:04,N,34131,0,+,0,Saturday Aug 12 2017,2017,7:05 PM
115,8/13/2017,PHI,NYM,L,2,6,5,3:30,D,24106,0,-,0,Sunday Aug 13 2017,2017,1:35 PM
116,8/14/2017,PHI,SDP,L,4,7,5,3:20,N,20873,0,--,1,Monday Aug 14 2017,2017,10:10 PM
117,8/15/2017,PHI,SDP,L,4,8,5,2:48,N,23368,0,---,1,Tuesday Aug 15 2017,2017,10:10 PM
118,8/16/2017,PHI,SDP,L,0,3,5,2:30,D,21564,0,----,1,Wednesday Aug 16 2017,2017,3:40 PM
119,8/17/2017,PHI,SFG,L,4,5,5,2:47,N,41279,0,-----,1,Thursday Aug 17 2017,2017,10:15 PM
120,8/18/2017,PHI,SFG,L,2,10,5,2:52,N,39487,0,------,1,Friday Aug 18 2017,2017,10:15 PM
121,8/19/2017,PHI,SFG,W,12,9,5,3:21,N,40719,0,+,1,Saturday Aug 19 2017,2017,9:05 PM
122,8/20/2017,PHI,SFG,W,5,2,5,3:14,D,39921,0,++,1,Sunday Aug 20 2017,2017,4:05 PM
123,8/22/2017,PHI,MIA,L,8,12,5,3:06,D,NA,0,-,0,Tuesday Aug 22 (1) 2017,2017,4:10 PM
124,8/22/2017,PHI,MIA,L,4,7,5,3:22,N,20761,0,--,0,Tuesday Aug 22 (2) 2017,2017,7:05 PM
125,8/23/2017,PHI,MIA,W,8,0,5,2:50,N,19161,0,+,0,Wednesday Aug 23 2017,2017,7:05 PM
126,8/24/2017,PHI,MIA,L,8,9,5,3:14,D,18083,0,-,0,Thursday Aug 24 2017,2017,1:05 PM
127,8/25/2017,PHI,CHC,W,7,1,5,3:00,N,24424,0,+,0,Friday Aug 25 2017,2017,7:05 PM
128,8/26/2017,PHI,CHC,L,2,17,5,3:03,N,29379,0,-,0,Saturday Aug 26 2017,2017,7:05 PM
129,8/27/2017,PHI,CHC,W,6,3,5,2:54,D,28689,0,+,0,Sunday Aug 27 2017,2017,1:35 PM
130,8/28/2017,PHI,ATL,W,6,1,5,2:52,N,15154,0,++,0,Monday Aug 28 2017,2017,7:05 PM
131,8/30/2017,PHI,ATL,L,1,9,5,2:49,D,NA,0,-,0,Wednesday Aug 30 (1) 2017,2017,12:05 PM
132,8/30/2017,PHI,ATL,L,2,5,5,3:17,D,15706,0,--,0,Wednesday Aug 30 (2) 2017,2017,7:05 PM
133,8/31/2017,PHI,MIA,W,3,2,5,3:09,N,17013,0,+,1,Thursday Aug 31 2017,2017,7:10 PM
134,9/1/2017,PHI,MIA,W,2,1,5,2:44,N,17998,0,++,1,Friday Sep 1 2017,2017,7:10 PM
135,9/2/2017,PHI,MIA,L,9,10,5,3:37,N,18262,0,-,1,Saturday Sep 2 2017,2017,7:10 PM
136,9/3/2017,PHI,MIA,W,3,1,5,3:46,D,19404,0,+,1,Sunday Sep 3 2017,2017,1:10 PM
137,9/4/2017,PHI,NYM,L,7,11,5,3:18,D,28808,0,-,1,Monday Sep 4 2017,2017,1:10 PM
138,9/5/2017,PHI,NYM,W,9,1,5,3:04,N,22230,0,+,1,Tuesday Sep 5 2017,2017,7:10 PM
139,9/6/2017,PHI,NYM,L,3,6,5,1:53,N,19617,0,-,1,Wednesday Sep 6 2017,2017,7:10 PM
140,9/7/2017,PHI,WSN,L,3,4,5,3:09,N,26267,0,--,1,Thursday Sep 7 2017,2017,7:05 PM
141,9/8/2017,PHI,WSN,L,10,11,5,3:27,N,29837,0,---,1,Friday Sep 8 2017,2017,7:05 PM
142,9/9/2017,PHI,WSN,W,5,4,5,3:23,N,35694,0,+,1,Saturday Sep 9 2017,2017,7:05 PM
143,9/10/2017,PHI,WSN,L,2,3,5,2:16,D,32627,0,-,1,Sunday Sep 10 2017,2017,1:35 PM
144,9/12/2017,PHI,MIA,W-wo,9,8,5,4:57,N,16439,0,+,0,Tuesday Sep 12 2017,2017,7:05 PM
145,9/13/2017,PHI,MIA,W,8,1,5,2:25,N,16745,0,++,0,Wednesday Sep 13 2017,2017,7:05 PM
146,9/14/2017,PHI,MIA,W,10,0,5,3:06,N,16302,0,+++,0,Thursday Sep 14 2017,2017,7:05 PM
147,9/15/2017,PHI,OAK,L,0,4,5,2:43,N,24061,0,-,0,Friday Sep 15 2017,2017,7:05 PM
148,9/16/2017,PHI,OAK,W,5,3,5,2:56,N,24290,0,+,0,Saturday Sep 16 2017,2017,7:05 PM
149,9/17/2017,PHI,OAK,L,3,6,5,3:09,D,28054,0,-,0,Sunday Sep 17 2017,2017,1:35 PM
150,9/18/2017,PHI,LAD,W,4,3,5,2:40,N,16690,0,+,0,Monday Sep 18 2017,2017,7:05 PM
151,9/19/2017,PHI,LAD,W,6,2,5,3:23,N,20145,0,++,0,Tuesday Sep 19 2017,2017,7:05 PM
152,9/20/2017,PHI,LAD,W,7,5,5,3:18,N,20175,0,+++,0,Wednesday Sep 20 2017,2017,7:05 PM
153,9/21/2017,PHI,LAD,L,4,5,5,3:39,D,18735,0,-,0,Thursday Sep 21 2017,2017,1:05 PM
154,9/22/2017,PHI,ATL,L,2,7,5,2:56,N,33702,0,--,1,Friday Sep 22 2017,2017,7:35 PM
155,9/23/2017,PHI,ATL,L,2,4,5,2:50,N,39809,0,---,1,Saturday Sep 23 2017,2017,7:10 PM
156,9/24/2017,PHI,ATL,W,2,0,5,2:38,D,33183,0,+,1,Sunday Sep 24 2017,2017,1:35 PM
157,9/25/2017,PHI,WSN,L,1,3,5,3:04,N,17026,0,-,0,Monday Sep 25 2017,2017,7:05 PM
158,9/26/2017,PHI,WSN,W,4,1,5,2:59,N,16437,0,+,0,Tuesday Sep 26 2017,2017,7:05 PM
159,9/27/2017,PHI,WSN,W,7,5,5,3:53,N,17642,0,++,0,Wednesday Sep 27 2017,2017,7:05 PM
160,9/29/2017,PHI,NYM,W,6,2,5,2:38,N,19375,0,+++,0,Friday Sep 29 2017,2017,7:05 PM
161,9/30/2017,PHI,NYM,L,4,7,5,4:10,N,25138,0,-,0,Saturday Sep 30 2017,2017,7:05 PM
162,10/1/2017,PHI,NYM,W,11,0,5,3:09,D,25754,0,+,0,Sunday Oct 1 2017,2017,3:05 PM
1,3/29/2018,PHI,ATL,L-wo,5,8,4,3:28,D,40208,1.06,-,1,Thursday Mar 29 2018,2018,4:10 PM
2,3/30/2018,PHI,ATL,W,5,4,3,4:16,N,35123,1.05,+,1,Friday Mar 30 2018,2018,7:35 PM
3,3/31/2018,PHI,ATL,L,2,15,4,3:21,N,37777,1.08,-,1,Saturday Mar 31 2018,2018,7:10 PM
4,4/3/2018,PHI,NYM,L,0,2,4,2:51,N,21397,1.01,--,1,Tuesday Apr 3 2018,2018,7:10 PM
5,4/4/2018,PHI,NYM,L,2,4,5,3:05,D,21328,0.99,---,1,Wednesday Apr 4 2018,2018,1:10 PM
6,4/5/2018,PHI,MIA,W,5,0,4,3:03,D,44488,0.87,+,0,Thursday Apr 5 2018,2018,3:05 PM
7,4/7/2018,PHI,MIA,W,20,1,4,3:21,N,33660,0.9,++,0,Saturday Apr 7 2018,2018,6:05 PM
8,4/8/2018,PHI,MIA,L,3,6,4,3:04,D,34326,0.94,-,0,Sunday Apr 8 2018,2018,1:35 PM
9,4/9/2018,PHI,CIN,W,6,5,4,3:22,N,18127,0.84,+,0,Monday Apr 9 2018,2018,7:05 PM
10,4/10/2018,PHI,CIN,W,6,1,4,2:44,N,20895,0.86,++,0,Tuesday Apr 10 2018,2018,7:05 PM
11,4/11/2018,PHI,CIN,W-wo,4,3,3,3:48,N,19099,0.9,+++,0,Wednesday Apr 11 2018,2018,7:05 PM
12,4/13/2018,PHI,TBR,W,2,1,3,2:53,N,13372,0.91,++++,1,Friday Apr 13 2018,2018,7:10 PM
13,4/14/2018,PHI,TBR,W,9,4,2,2:46,N,20934,0.97,+++++,1,Saturday Apr 14 2018,2018,6:10 PM
14,4/15/2018,PHI,TBR,W,10,4,2,3:34,D,19841,1.03,++++++,1,Sunday Apr 15 2018,2018,1:10 PM
15,4/16/2018,PHI,ATL,L,1,2,2,2:40,N,17812,1.21,-,1,Monday Apr 16 2018,2018,7:35 PM
16,4/17/2018,PHI,ATL,W,5,1,2,3:36,N,17913,1.2,+,1,Tuesday Apr 17 2018,2018,7:35 PM
17,4/18/2018,PHI,ATL,L,3,7,2,3:08,N,22135,1.25,-,1,Wednesday Apr 18 2018,2018,7:35 PM
18,4/19/2018,PHI,PIT,W,7,0,2,2:53,N,19071,1.07,+,0,Thursday Apr 19 2018,2018,7:05 PM
19,4/20/2018,PHI,PIT,W,2,1,2,2:42,N,20183,1.11,++,0,Friday Apr 20 2018,2018,7:05 PM
20,4/21/2018,PHI,PIT,W,6,2,2,3:11,D,28161,1.16,+++,0,Saturday Apr 21 2018,2018,4:05 PM
21,4/22/2018,PHI,PIT,W-wo,3,2,2,3:35,D,29199,1.17,++++,0,Sunday Apr 22 2018,2018,1:35 PM
22,4/24/2018,PHI,ARI,L,4,8,2,3:49,N,18195,1.21,-,0,Tuesday Apr 24 2018,2018,7:05 PM
23,4/25/2018,PHI,ARI,W,5,3,2,2:55,N,21349,1.19,+,0,Wednesday Apr 25 2018,2018,7:05 PM
24,4/26/2018,PHI,ARI,L,2,8,2,3:12,D,20335,1.23,-,0,Thursday Apr 26 2018,2018,1:05 PM
25,4/27/2018,PHI,ATL,W,7,3,2,2:50,N,27076,1.39,+,0,Friday Apr 27 2018,2018,7:05 PM
26,4/28/2018,PHI,ATL,L,1,4,2,3:10,N,27794,1.39,-,0,Saturday Apr 28 2018,2018,6:05 PM
27,4/29/2018,PHI,ATL,L,1,10,2,3:26,D,31010,1.4,--,0,Sunday Apr 29 2018,2018,1:35 PM
28,4/30/2018,PHI,MIA,L,4,8,3,3:06,N,5415,1.17,---,1,Monday Apr 30 2018,2018,7:10 PM
29,5/1/2018,PHI,MIA,L-wo,1,2,3,2:54,N,5844,1.12,----,1,Tuesday May 1 2018,2018,7:10 PM
30,5/2/2018,PHI,MIA,W,6,0,3,2:54,N,5941,1.1,+,1,Wednesday May 2 2018,2018,7:10 PM
31,5/4/2018,PHI,WSN,L,3,7,3,2:49,N,35497,1.19,-,1,Friday May 4 2018,2018,7:05 PM
32,5/5/2018,PHI,WSN,W,3,1,2,3:13,D,34687,1.21,+,1,Saturday May 5 2018,2018,4:05 PM
33,5/6/2018,PHI,WSN,L-wo,4,5,2,3:33,D,30611,1.29,-,1,Sunday May 6 2018,2018,1:35 PM
34,5/7/2018,PHI,SFG,W,11,0,2,3:05,N,17050,1.17,+,0,Monday May 7 2018,2018,7:05 PM
35,5/8/2018,PHI,SFG,W,4,2,2,2:53,N,22456,1.18,++,0,Tuesday May 8 2018,2018,7:05 PM
36,5/9/2018,PHI,SFG,W,11,3,2,3:19,N,18448,1.18,+++,0,Wednesday May 9 2018,2018,7:05 PM
37,5/10/2018,PHI,SFG,W,6,3,2,2:47,D,30204,1.23,++++,0,Thursday May 10 2018,2018,1:05 PM
38,5/11/2018,PHI,NYM,L,1,3,2,2:49,N,29247,1.4,-,0,Friday May 11 2018,2018,7:05 PM
39,5/13/2018,PHI,NYM,W,4,2,2,3:19,D,34091,1.31,+,0,Sunday May 13 2018,2018,1:35 PM
40,5/16/2018,PHI,BAL,W,4,1,2,2:42,D,29706,1.16,++,1,Wednesday May 16 2018,2018,12:05 PM
41,5/17/2018,PHI,STL,W,6,2,2,3:33,N,41039,1.24,+++,1,Thursday May 17 2018,2018,7:15 PM
42,5/18/2018,PHI,STL,L,4,12,2,3:26,N,42050,1.29,-,1,Friday May 18 2018,2018,8:15 PM
43,5/19/2018,PHI,STL,W,7,6,2,3:42,D,44431,1.29,+,1,Saturday May 19 2018,2018,2:15 PM
44,5/20/2018,PHI,STL,L,1,5,2,2:53,D,43560,1.33,-,1,Sunday May 20 2018,2018,2:15 PM
45,5/21/2018,PHI,ATL,W,3,0,2,2:33,N,21284,1.58,+,0,Monday May 21 2018,2018,7:05 PM
46,5/22/2018,PHI,ATL,L,1,3,2,3:18,N,18545,1.55,-,0,Tuesday May 22 2018,2018,7:05 PM
47,5/23/2018,PHI,ATL,W,4,0,2,2:51,N,27647,1.55,+,0,Wednesday May 23 2018,2018,7:05 PM
48,5/25/2018,PHI,TOR,L,5,6,2,2:59,N,21374,1.25,-,0,Friday May 25 2018,2018,7:05 PM
49,5/26/2018,PHI,TOR,W,2,1,1,2:25,D,26788,1.26,+,0,Saturday May 26 2018,2018,4:05 PM
50,5/27/2018,PHI,TOR,L,3,5,2,2:50,D,24182,1.29,-,0,Sunday May 27 2018,2018,1:35 PM
51,5/28/2018,PHI,LAD,L,4,5,3,3:32,N,39759,1.3,--,1,Monday May 28 2018,2018,8:10 PM
52,5/29/2018,PHI,LAD,W,6,1,3,3:26,N,40044,1.23,+,1,Tuesday May 29 2018,2018,10:10 PM
53,5/30/2018,PHI,LAD,L,2,8,3,3:03,N,43302,1.26,-,1,Wednesday May 30 2018,2018,10:10 PM
54,5/31/2018,PHI,LAD,W,2,1,3,2:40,D,40986,1.23,+,1,Thursday May 31 2018,2018,7:35 PM
55,6/1/2018,PHI,SFG,L,0,4,3,2:49,N,38119,1.25,-,1,Friday Jun 1 2018,2018,10:15 PM
56,6/2/2018,PHI,SFG,L,0,2,3,2:24,N,39208,1.24,--,1,Saturday Jun 2 2018,2018,10:05 PM
57,6/3/2018,PHI,SFG,L,1,6,3,2:28,D,40491,1.2,---,1,Sunday Jun 3 2018,2018,4:05 PM
58,6/5/2018,PHI,CHC,W,6,1,3,2:46,N,40553,1.24,+,1,Tuesday Jun 5 2018,2018,8:05 PM
59,6/6/2018,PHI,CHC,L-wo,5,7,3,3:20,N,40275,1.28,-,1,Wednesday Jun 6 2018,2018,8:05 PM
60,6/7/2018,PHI,CHC,L,3,4,3,3:20,D,40057,1.24,--,1,Thursday Jun 7 2018,2018,2:20 PM
61,6/8/2018,PHI,MIL,L,4,12,3,3:27,N,22196,1.17,---,0,Friday Jun 8 2018,2018,7:05 PM
62,6/9/2018,PHI,MIL,L,3,12,3,3:31,D,25304,1.15,----,0,Saturday Jun 9 2018,2018,1:05 PM
63,6/10/2018,PHI,MIL,W,4,3,3,2:57,D,31175,1.02,+,0,Sunday Jun 10 2018,2018,1:35 PM
64,6/12/2018,PHI,COL,W,5,4,3,3:07,N,19556,1.12,++,0,Tuesday Jun 12 2018,2018,7:05 PM
65,6/13/2018,PHI,COL,L,2,7,3,2:55,N,20075,1.19,-,0,Wednesday Jun 13 2018,2018,7:05 PM
66,6/14/2018,PHI,COL,W,9,3,3,3:21,D,22500,1.08,+,0,Thursday Jun 14 2018,2018,1:05 PM
67,6/15/2018,PHI,MIL,L,2,13,3,2:51,N,40945,1.14,-,1,Friday Jun 15 2018,2018,8:10 PM
68,6/16/2018,PHI,MIL,W,4,1,3,3:32,D,40531,1.14,+,1,Saturday Jun 16 2018,2018,4:10 PM
69,6/17/2018,PHI,MIL,W,10,9,3,4:02,D,40985,1.2,++,1,Sunday Jun 17 2018,2018,2:10 PM
70,6/18/2018,PHI,STL,W-wo,6,5,2,3:39,N,22083,1.25,+++,0,Monday Jun 18 2018,2018,7:05 PM
71,6/19/2018,PHI,STL,L,6,7,3,3:16,N,21122,1.35,-,0,Tuesday Jun 19 2018,2018,7:05 PM
72,6/20/2018,PHI,STL,W,4,3,2,3:08,D,26120,1.25,+,0,Wednesday Jun 20 2018,2018,1:05 PM
73,6/22/2018,PHI,WSN,W,12,2,2,3:30,N,35630,1.54,++,1,Friday Jun 22 2018,2018,7:05 PM
74,6/23/2018,PHI,WSN,W,5,3,2,3:03,D,40341,1.66,+++,1,Saturday Jun 23 2018,2018,4:05 PM
75,6/24/2018,PHI,WSN,L,6,8,2,3:47,N,29314,1.75,-,1,Sunday Jun 24 2018,2018,8:05 PM
76,6/25/2018,PHI,NYY,L,2,4,2,3:20,N,44136,1.37,--,0,Monday Jun 25 2018,2018,7:05 PM
77,6/26/2018,PHI,NYY,L,0,6,2,2:38,N,43568,1.34,---,0,Tuesday Jun 26 2018,2018,7:05 PM
78,6/27/2018,PHI,NYY,W,3,0,2,2:43,N,42028,1.3,+,0,Wednesday Jun 27 2018,2018,7:05 PM
79,6/28/2018,PHI,WSN,W,4,3,2,3:09,N,25026,1.67,++,0,Thursday Jun 28 2018,2018,7:05 PM
80,6/29/2018,PHI,WSN,L,7,17,2,3:43,N,36903,1.72,-,0,Friday Jun 29 2018,2018,7:05 PM
81,6/30/2018,PHI,WSN,W,3,2,2,3:20,N,42746,1.58,+,0,Saturday Jun 30 2018,2018,6:05 PM
82,7/1/2018,PHI,WSN,W-wo,4,3,2,4:28,D,22051,1.67,++,0,Sunday Jul 1 2018,2018,1:35 PM
83,7/3/2018,PHI,BAL,W,3,2,2,2:45,N,28204,1.37,+++,0,Tuesday Jul 3 2018,2018,7:05 PM
84,7/4/2018,PHI,BAL,W,4,1,2,2:55,D,30943,1.44,++++,0,Wednesday Jul 4 2018,2018,4:05 PM
85,7/6/2018,PHI,PIT,W,17,5,1,4:30,N,24846,1.53,+++++,1,Friday Jul 6 2018,2018,7:05 PM
86,7/7/2018,PHI,PIT,W,3,2,1,2:48,D,28150,1.54,++++++,1,Saturday Jul 7 2018,2018,4:05 PM
87,7/8/2018,PHI,PIT,L,1,4,1,2:42,D,19542,1.55,-,1,Sunday Jul 8 2018,2018,1:35 PM
88,7/9/2018,PHI,NYM,L-wo,3,4,1,3:24,D,NA,1.53,--,1,Monday Jul 9 (1) 2018,2018,4:15 PM
89,7/9/2018,PHI,NYM,W,3,1,1,2:41,N,24139,1.55,+,1,Monday Jul 9 (2) 2018,2018,7:10 PM
90,7/10/2018,PHI,NYM,W,7,3,1,2:50,N,22416,1.53,++,1,Tuesday Jul 10 2018,2018,7:10 PM
91,7/11/2018,PHI,NYM,L-wo,0,3,1,3:07,N,22137,1.55,-,1,Wednesday Jul 11 2018,2018,7:10 PM
92,7/12/2018,PHI,BAL,W,5,4,1,3:04,N,20100,1.57,+,1,Thursday Jul 12 2018,2018,7:05 PM
93,7/13/2018,PHI,MIA,W,2,0,1,2:34,N,8090,1.55,++,1,Friday Jul 13 2018,2018,7:10 PM
94,7/14/2018,PHI,MIA,L,0,2,1,3:00,D,14793,1.5,-,1,Saturday Jul 14 2018,2018,4:10 PM
95,7/15/2018,PHI,MIA,L,5,10,1,2:58,D,8829,1.56,--,1,Sunday Jul 15 2018,2018,1:10 PM
96,7/20/2018,PHI,SDP,W,11,5,1,3:15,N,30034,1.59,+,0,Friday Jul 20 2018,2018,7:05 PM
97,7/22/2018,PHI,SDP,L,2,10,1,3:10,D,29392,1.59,-,0,Sunday Jul 22 (1) 2018,2018,12:05 PM
98,7/22/2018,PHI,SDP,W,5,0,1,2:41,N,25054,1.63,+,0,Sunday Jul 22 (2) 2018,2018,6:05 PM
99,7/23/2018,PHI,LAD,L,6,7,1,3:43,N,33753,1.69,-,0,Monday Jul 23 2018,2018,7:05 PM
100,7/24/2018,PHI,LAD,W-wo,7,4,1,5:55,N,35028,1.75,+,0,Tuesday Jul 24 2018,2018,7:05 PM
101,7/25/2018,PHI,LAD,W,7,3,1,2:58,D,35659,1.69,++,0,Wednesday Jul 25 2018,2018,12:35 PM
102,7/26/2018,PHI,CIN,W,9,4,1,3:24,N,17031,1.58,+++,1,Thursday Jul 26 2018,2018,7:10 PM
103,7/27/2018,PHI,CIN,L,4,6,1,3:10,N,24776,1.49,-,1,Friday Jul 27 2018,2018,7:10 PM
104,7/28/2018,PHI,CIN,L,2,6,1,3:14,N,35249,1.54,--,1,Saturday Jul 28 2018,2018,6:40 PM
105,7/29/2018,PHI,CIN,L,0,4,1,2:48,D,21649,1.59,---,1,Sunday Jul 29 2018,2018,1:10 PM
106,7/30/2018,PHI,BOS,L-wo,1,2,1,4:03,N,37722,1.65,----,1,Monday Jul 30 2018,2018,7:10 PM
107,7/31/2018,PHI,BOS,W,3,1,1,3:13,N,37816,1.7,+,1,Tuesday Jul 31 2018,2018,7:10 PM
108,8/2/2018,PHI,MIA,W-wo,5,2,1,2:37,N,26050,1.74,++,0,Thursday Aug 2 2018,2018,7:05 PM
109,8/3/2018,PHI,MIA,W,5,1,1,3:10,N,33737,1.74,+++,0,Friday Aug 3 2018,2018,7:05 PM
110,8/4/2018,PHI,MIA,W,8,3,1,2:20,N,35194,1.76,++++,0,Saturday Aug 4 2018,2018,7:05 PM
111,8/5/2018,PHI,MIA,W,5,3,1,3:15,D,42343,1.69,+++++,0,Sunday Aug 5 2018,2018,1:35 PM
112,8/6/2018,PHI,ARI,L-wo,2,3,1,4:38,N,21131,1.77,-,1,Monday Aug 6 2018,2018,9:40 PM
113,8/7/2018,PHI,ARI,W,5,2,1,3:08,N,22382,1.87,+,1,Tuesday Aug 7 2018,2018,9:40 PM
114,8/8/2018,PHI,ARI,L,0,6,1,2:58,D,23384,1.75,-,1,Wednesday Aug 8 2018,2018,3:40 PM
115,8/10/2018,PHI,SDP,L,0,2,1,2:34,N,26306,1.73,--,1,Friday Aug 10 2018,2018,10:10 PM
116,8/11/2018,PHI,SDP,W,5,1,1,3:12,N,35098,1.83,+,1,Saturday Aug 11 2018,2018,8:40 PM
117,8/12/2018,PHI,SDP,L,3,9,1,3:20,D,26930,1.8,-,1,Sunday Aug 12 2018,2018,3:40 PM
118,8/14/2018,PHI,BOS,L,1,2,2,2:40,N,33081,1.85,--,0,Tuesday Aug 14 2018,2018,7:05 PM
119,8/15/2018,PHI,BOS,W,7,4,2,3:27,N,35266,1.86,+,0,Wednesday Aug 15 2018,2018,7:05 PM
120,8/16/2018,PHI,NYM,L,4,24,2,3:01,D,NA,1.88,-,0,Thursday Aug 16 (1) 2018,2018,4:10 PM
121,8/16/2018,PHI,NYM,W,9,6,2,3:03,N,33049,1.88,+,0,Thursday Aug 16 (2) 2018,2018,7:05 PM
121,8/16/2018,PHI,NYM,W,9,6,2,3:03,N,33049,1.88,+,0,Thursday Aug 16 (2) 2018,2018,4:05 PM
122,8/17/2018,PHI,NYM,W,4,2,2,3:21,N,40460,1.95,++,0,Friday Aug 17 2018,2018,6:05 PM
123,8/18/2018,PHI,NYM,L,1,3,2,2:31,D,35158,1.94,-,0,Saturday Aug 18 2018,2018,4:05 PM
124,8/19/2018,PHI,NYM,L,2,8,2,3:11,N,2429,1.98,--,0,Sunday Aug 19 2018,2018,7:10 PM
125,8/21/2018,PHI,WSN,L,4,10,2,3:16,N,24080,2.09,---,1,Tuesday Aug 21 2018,2018,7:05 PM
126,8/22/2018,PHI,WSN,L-wo,7,8,2,3:45,N,31855,2.12,----,1,Wednesday Aug 22 2018,2018,7:05 PM
127,8/23/2018,PHI,WSN,W,2,0,2,2:41,D,29475,2.01,+,1,Thursday Aug 23 2018,2018,1:05 PM
128,8/24/2018,PHI,TOR,L,2,4,2,2:43,N,26292,1.93,-,1,Friday Aug 24 2018,2018,7:07 PM
129,8/25/2018,PHI,TOR,L,6,8,2,2:59,D,33127,1.9,--,1,Saturday Aug 25 2018,2018,4:07 PM
130,8/26/2018,PHI,TOR,W,8,3,2,3:17,D,28209,1.83,+,1,Sunday Aug 26 2018,2018,1:07 PM
131,8/27/2018,PHI,WSN,L,3,5,2,3:13,N,21261,1.93,-,0,Monday Aug 27 2018,2018,7:05 PM
132,8/28/2018,PHI,WSN,L,4,5,2,3:28,N,21083,1.82,--,0,Tuesday Aug 28 2018,2018,7:05 PM
133,8/29/2018,PHI,WSN,W,8,6,2,3:38,N,22525,1.6,+,0,Wednesday Aug 29 2018,2018,7:05 PM
134,8/31/2018,PHI,CHC,W-wo,2,1,2,3:23,N,22556,1.83,++,0,Friday Aug 31 2018,2018,7:05 PM
135,9/1/2018,PHI,CHC,L,1,7,2,2:41,N,33040,2,-,0,Saturday Sep 1 2018,2018,7:05 PM
136,9/2/2018,PHI,CHC,L,1,8,2,3:37,D,36517,1.85,--,0,Sunday Sep 2 2018,2018,1:35 PM
137,9/3/2018,PHI,MIA,L,1,3,2,2:24,D,7771,1.54,---,1,Monday Sep 3 2018,2018,1:10 PM
138,9/4/2018,PHI,MIA,W,9,4,2,3:14,N,7131,1.5,+,1,Tuesday Sep 4 2018,2018,7:10 PM
139,9/5/2018,PHI,MIA,L,1,2,2,2:44,N,6427,1.75,-,1,Wednesday Sep 5 2018,2018,7:10 PM
140,9/7/2018,PHI,NYM,W,4,3,2,2:43,N,23379,1.57,+,1,Friday Sep 7 2018,2018,7:10 PM
141,9/8/2018,PHI,NYM,L,5,10,2,3:12,N,25094,1.95,-,1,Saturday Sep 8 2018,2018,7:10 PM
142,9/9/2018,PHI,NYM,L,4,6,2,3:12,D,24153,1.6,--,1,Sunday Sep 9 2018,2018,1:10 PM
143,9/11/2018,PHI,WSN,L,1,3,2,3:27,D,NA,1.03,---,0,Tuesday Sep 11 (1) 2018,2018,3:10 PM
144,9/11/2018,PHI,WSN,L,6,7,2,4:16,N,19630,0.75,----,0,Tuesday Sep 11 (2) 2018,2018,7:05 PM
145,9/12/2018,PHI,WSN,L,1,5,2,2:56,N,20258,0.47,-----,0,Wednesday Sep 12 2018,2018,7:05 PM
146,9/14/2018,PHI,MIA,W,14,2,2,2:54,N,21671,0.24,+,0,Friday Sep 14 2018,2018,7:05 PM
147,9/15/2018,PHI,MIA,W,5,4,2,2:48,N,24695,0.27,++,0,Saturday Sep 15 2018,2018,7:05 PM
148,9/16/2018,PHI,MIA,L,4,6,2,3:04,D,30040,0.46,-,0,Sunday Sep 16 2018,2018,1:35 PM
149,9/17/2018,PHI,NYM,L,4,9,2,3:07,N,21767,0.37,--,0,Monday Sep 17 2018,2018,7:05 PM
150,9/18/2018,PHI,NYM,W,5,2,2,3:22,N,18895,0.3,+,0,Tuesday Sep 18 2018,2018,7:05 PM
151,9/19/2018,PHI,NYM,W,4,0,2,3:02,N,19085,0.51,++,0,Wednesday Sep 19 2018,2018,6:05 PM
152,9/20/2018,PHI,ATL,L,3,8,2,3:25,N,27474,0.9,-,1,Thursday Sep 20 2018,2018,7:35 PM
153,9/21/2018,PHI,ATL,L,5,6,2,3:24,N,34370,0.33,--,1,Friday Sep 21 2018,2018,7:35 PM
154,9/22/2018,PHI,ATL,L,3,5,2,2:38,D,35616,0.05,---,1,Saturday Sep 22 2018,2018,1:05 PM
155,9/23/2018,PHI,ATL,L,1,2,2,2:43,D,34214,0,----,1,Sunday Sep 23 2018,2018,1:35 PM
156,9/24/2018,PHI,COL,L,1,10,3,2:57,N,30336,0,-----,1,Monday Sep 24 2018,2018,8:40 PM
157,9/25/2018,PHI,COL,L,3,10,3,3:21,N,30217,0,------,1,Tuesday Sep 25 2018,2018,8:40 PM
158,9/26/2018,PHI,COL,L,0,14,3,2:51,N,35181,0,-------,1,Wednesday Sep 26 2018,2018,8:40 PM
159,9/27/2018,PHI,COL,L,3,5,3,3:06,D,36448,0,--------,1,Thursday Sep 27 2018,2018,3:10 PM
160,9/28/2018,PHI,ATL,L,2,10,3,3:42,N,24306,0,---------,0,Friday Sep 28 2018,2018,7:05 PM
161,9/29/2018,PHI,ATL,W,3,0,3,2:43,N,30886,0,+,0,Saturday Sep 29 2018,2018,7:05 PM
162,9/30/2018,PHI,ATL,W,3,1,3,2:57,D,34202,0,++,0,Sunday Sep 30 2018,2018,3:05 PM
